file,label,period_days,radius_rj,noise_ppmhr,sigma_ppm,seed,a_au
run_0002_label1_P226.681_R0.872_N14_S36_seed73969061.dat,1,226.681,0.872,14.041,36.393,73969061,0.72758
run_0003_label1_P234.701_R0.620_N64_S35_seed277334632.dat,1,234.701,0.620,63.877,34.819,277334632,0.74465
run_0004_label1_P226.583_R0.513_N44_S10_seed369920273.dat,1,226.583,0.513,43.652,9.916,369920273,0.72737
run_0001_label1_P29.442_R0.510_N46_S21_seed52783014.dat,1,29.442,0.510,46.004,21.172,52783014,0.18660
run_0005_label1_P168.183_R0.508_N17_S51_seed416088025.dat,1,168.183,0.508,17.263,50.517,416088025,0.59630
run_0006_label1_P162.641_R0.151_N69_S15_seed2414048.dat,1,162.641,0.151,68.565,15.416,2414048,0.58312
run_0008_label1_P288.612_R0.632_N49_S51_seed105468409.dat,1,288.612,0.632,48.833,50.992,105468409,0.85470
run_0007_label1_P25.737_R0.125_N72_S50_seed49806013.dat,1,25.737,0.125,72.067,50.427,49806013,0.17060
run_0009_label1_P121.652_R0.979_N72_S28_seed439231979.dat,1,121.652,0.979,72.001,28.496,439231979,0.48049
run_0010_label1_P210.976_R0.346_N24_S15_seed87316939.dat,1,210.976,0.346,23.595,14.847,87316939,0.69358
run_0012_label1_P302.518_R0.089_N16_S60_seed490829862.dat,1,302.518,0.089,15.882,59.625,490829862,0.88194
run_0011_label1_P311.718_R0.221_N11_S21_seed108014189.dat,1,311.718,0.221,10.670,21.425,108014189,0.89973
run_0013_label1_P359.786_R0.260_N10_S21_seed290555701.dat,1,359.786,0.260,10.431,21.077,290555701,0.99000
run_0014_label1_P330.750_R0.478_N68_S51_seed22450068.dat,1,330.750,0.478,68.303,50.970,22450068,0.93599
run_0015_label1_P60.863_R0.937_N68_S34_seed171375798.dat,1,60.863,0.937,67.956,33.723,171375798,0.30281
run_0016_label1_P249.499_R0.239_N76_S13_seed297756604.dat,1,249.499,0.239,75.661,12.513,297756604,0.77563
run_0017_label1_P190.638_R0.300_N13_S25_seed538317893.dat,1,190.638,0.300,13.028,24.608,538317893,0.64826
run_0018_label1_P25.167_R0.245_N10_S21_seed823135709.dat,1,25.167,0.245,10.398,21.366,823135709,0.16807
run_0019_label1_P184.040_R0.393_N73_S9_seed48796766.dat,1,184.040,0.393,73.475,9.453,48796766,0.63321
run_0020_label1_P6.431_R0.960_N67_S12_seed162009897.dat,1,6.431,0.960,67.009,11.788,162009897,0.06768
run_0022_label1_P201.254_R0.803_N38_S12_seed795395277.dat,1,201.254,0.803,38.383,12.290,795395277,0.67210
run_0023_label1_P71.852_R0.717_N65_S51_seed23279989.dat,1,71.852,0.717,64.537,50.893,23279989,0.33825
run_0021_label1_P160.724_R0.669_N73_S23_seed201518938.dat,1,160.724,0.669,73.161,23.398,201518938,0.57853
run_0024_label1_P25.863_R0.800_N41_S40_seed218379100.dat,1,25.863,0.800,41.165,40.314,218379100,0.17116
run_0025_label1_P197.178_R0.367_N15_S25_seed444597132.dat,1,197.178,0.367,15.132,25.464,444597132,0.66300
run_0026_label1_P172.699_R0.103_N68_S14_seed454101076.dat,1,172.699,0.103,68.410,13.609,454101076,0.60692
run_0028_label1_P299.631_R0.215_N14_S50_seed2242586.dat,1,299.631,0.215,14.135,50.293,2242586,0.87632
run_0027_label1_P81.183_R0.246_N72_S20_seed43798338.dat,1,81.183,0.246,71.756,20.381,43798338,0.36693
run_0029_label1_P118.225_R0.850_N73_S17_seed223738781.dat,1,118.225,0.850,73.423,17.201,223738781,0.47143
run_0030_label1_P134.102_R0.685_N73_S9_seed468689623.dat,1,134.102,0.685,73.129,9.142,468689623,0.51274
run_0032_label1_P361.760_R0.871_N60_S16_seed4735867.dat,1,361.760,0.871,60.270,15.773,4735867,0.99362
run_0031_label1_P23.559_R0.795_N67_S15_seed413481075.dat,1,23.559,0.795,66.956,15.088,413481075,0.16083
run_0033_label1_P255.195_R0.353_N31_S32_seed49432479.dat,1,255.195,0.353,31.345,31.789,49432479,0.78739
run_0034_label1_P52.905_R0.716_N39_S39_seed3987621.dat,1,52.905,0.716,38.940,39.056,3987621,0.27581
run_0036_label1_P191.995_R0.443_N45_S45_seed113505122.dat,1,191.995,0.443,44.972,45.141,113505122,0.65133
run_0035_label1_P236.360_R0.898_N47_S11_seed2496626.dat,1,236.360,0.898,46.844,10.759,2496626,0.74815
run_0037_label1_P79.319_R0.706_N26_S45_seed302530148.dat,1,79.319,0.706,26.459,45.063,302530148,0.36129
run_0038_label1_P219.730_R0.588_N33_S17_seed179889136.dat,1,219.730,0.588,33.198,17.163,179889136,0.71263
run_0039_label1_P104.269_R0.956_N78_S47_seed75520322.dat,1,104.269,0.956,78.218,46.605,75520322,0.43355
run_0040_label1_P252.346_R0.334_N63_S30_seed38490261.dat,1,252.346,0.334,62.596,30.104,38490261,0.78152
run_0042_label1_P34.009_R0.292_N49_S57_seed996965520.dat,1,34.009,0.292,49.167,57.074,996965520,0.20543
run_0041_label1_P143.255_R0.378_N74_S6_seed13309484.dat,1,143.255,0.378,74.470,6.007,13309484,0.53581
run_0043_label1_P170.084_R0.277_N35_S18_seed686346122.dat,1,170.084,0.277,34.874,18.436,686346122,0.60078
run_0044_label1_P85.265_R0.345_N21_S60_seed8948210.dat,1,85.265,0.345,21.040,59.817,8948210,0.37913
run_0046_label1_P81.678_R0.938_N31_S53_seed177753885.dat,1,81.678,0.938,30.875,53.085,177753885,0.36842
run_0045_label1_P56.351_R0.065_N22_S16_seed299950903.dat,1,56.351,0.065,21.644,15.866,299950903,0.28766
run_0048_label1_P69.088_R0.653_N69_S18_seed124118650.dat,1,69.088,0.653,68.689,18.244,124118650,0.32951
run_0047_label1_P216.493_R0.703_N16_S60_seed559238234.dat,1,216.493,0.703,16.361,59.822,559238234,0.70562
run_0052_label1_P204.726_R0.387_N32_S31_seed532880404.dat,1,204.726,0.387,32.465,30.850,532880404,0.67981
run_0051_label1_P86.584_R0.689_N14_S47_seed110633590.dat,1,86.584,0.689,14.130,47.032,110633590,0.38303
run_0049_label1_P204.893_R0.751_N17_S46_seed114183042.dat,1,204.893,0.751,16.622,45.773,114183042,0.68018
run_0050_label1_P50.085_R0.667_N17_S23_seed5069073.dat,1,50.085,0.667,16.790,23.340,5069073,0.26592
run_0053_label1_P103.490_R0.598_N80_S36_seed341624544.dat,1,103.490,0.598,79.864,35.751,341624544,0.43139
run_0054_label1_P286.880_R0.698_N48_S52_seed208689795.dat,1,286.880,0.698,47.810,52.173,208689795,0.85128
run_0056_label1_P137.941_R0.188_N76_S42_seed160592137.dat,1,137.941,0.188,75.883,41.747,160592137,0.52248
run_0055_label1_P170.602_R0.382_N57_S25_seed68576159.dat,1,170.602,0.382,57.174,24.676,68576159,0.60200
run_0058_label1_P344.362_R0.299_N71_S17_seed560692515.dat,1,344.362,0.299,70.519,17.457,560692515,0.96150
run_0057_label1_P73.765_R0.184_N74_S6_seed202873559.dat,1,73.765,0.184,74.187,5.982,202873559,0.34422
run_0059_label1_P61.796_R0.525_N48_S49_seed435420105.dat,1,61.796,0.525,48.417,49.357,435420105,0.30590
run_0060_label1_P154.332_R0.254_N23_S26_seed20547095.dat,1,154.332,0.254,22.748,25.938,20547095,0.56309
run_0062_label1_P73.212_R0.155_N79_S30_seed175567471.dat,1,73.212,0.155,78.768,29.853,175567471,0.34250
run_0061_label1_P254.593_R0.144_N43_S42_seed30134595.dat,1,254.593,0.144,42.884,41.661,30134595,0.78615
run_0063_label1_P51.897_R0.640_N54_S47_seed167076797.dat,1,51.897,0.640,53.889,46.683,167076797,0.27229
run_0064_label1_P142.790_R0.874_N76_S58_seed384811129.dat,1,142.790,0.874,76.049,58.089,384811129,0.53465
run_0066_label1_P287.280_R0.271_N16_S16_seed21312608.dat,1,287.280,0.271,15.760,15.778,21312608,0.85207
run_0065_label1_P273.391_R0.558_N71_S44_seed92236285.dat,1,273.391,0.558,71.417,44.026,92236285,0.82438
run_0068_label1_P113.560_R0.889_N56_S52_seed234786302.dat,1,113.560,0.889,55.649,52.375,234786302,0.45894
run_0067_label1_P17.943_R0.952_N75_S35_seed39086217.dat,1,17.943,0.952,75.230,34.861,39086217,0.13413
run_0070_label1_P220.545_R0.765_N79_S33_seed365018520.dat,1,220.545,0.765,78.922,33.330,365018520,0.71439
run_0069_label1_P56.276_R0.271_N22_S55_seed15481561.dat,1,56.276,0.271,22.263,54.619,15481561,0.28740
run_0071_label1_P180.202_R0.444_N75_S54_seed344128376.dat,1,180.202,0.444,74.569,53.970,344128376,0.62438
run_0072_label1_P128.920_R0.457_N36_S13_seed266951953.dat,1,128.920,0.457,36.408,13.301,266951953,0.49944
run_0073_label1_P291.042_R0.461_N65_S52_seed13332720.dat,1,291.042,0.461,64.880,51.891,13332720,0.85950
run_0074_label1_P59.972_R0.534_N39_S38_seed202268661.dat,1,59.972,0.534,39.176,38.355,202268661,0.29985
run_0076_label1_P132.117_R0.170_N14_S29_seed28488901.dat,1,132.117,0.170,14.217,28.609,28488901,0.50767
run_0075_label1_P4.562_R0.233_N68_S37_seed956739833.dat,1,4.562,0.233,68.387,37.174,956739833,0.05383
run_0077_label1_P332.187_R0.689_N52_S6_seed26047344.dat,1,332.187,0.689,51.866,6.146,26047344,0.93870
run_0079_label1_P135.143_R0.957_N49_S33_seed32936781.dat,1,135.143,0.957,49.238,32.646,32936781,0.51539
run_0080_label1_P38.834_R0.688_N62_S55_seed19208369.dat,1,38.834,0.688,62.384,55.492,19208369,0.22443
run_0078_label1_P253.144_R0.741_N32_S7_seed294647738.dat,1,253.144,0.741,31.957,6.542,294647738,0.78316
run_0081_label1_P343.801_R0.067_N47_S52_seed301381726.dat,1,343.801,0.067,46.778,51.796,301381726,0.96046
run_0082_label1_P164.090_R0.690_N79_S20_seed3111232.dat,1,164.090,0.690,78.943,20.106,3111232,0.58658
run_0083_label1_P177.080_R0.600_N31_S9_seed77925425.dat,1,177.080,0.600,30.582,9.298,77925425,0.61714
run_0084_label1_P337.877_R0.067_N43_S48_seed318271852.dat,1,337.877,0.067,42.972,48.295,318271852,0.94939
run_0087_label1_P192.181_R0.350_N67_S20_seed113130093.dat,1,192.181,0.350,66.609,20.115,113130093,0.65175
run_0088_label1_P350.311_R0.302_N47_S27_seed133966573.dat,1,350.311,0.302,46.600,27.097,133966573,0.97254
run_0086_label1_P289.764_R0.998_N56_S19_seed293675928.dat,1,289.764,0.998,56.131,18.683,293675928,0.85698
run_0085_label1_P339.620_R0.243_N68_S18_seed618504054.dat,1,339.620,0.243,67.688,17.840,618504054,0.95265
run_0090_label1_P325.873_R0.089_N62_S58_seed169070154.dat,1,325.873,0.089,61.802,58.398,169070154,0.92677
run_0089_label1_P132.575_R0.122_N56_S54_seed204920898.dat,1,132.575,0.122,55.668,53.530,204920898,0.50884
run_0091_label1_P188.676_R0.076_N44_S15_seed197178310.dat,1,188.676,0.076,43.871,14.908,197178310,0.64380
run_0092_label1_P357.002_R0.993_N40_S23_seed411911323.dat,1,357.002,0.993,39.904,23.230,411911323,0.98489
run_0093_label1_P242.564_R0.999_N12_S12_seed227426767.dat,1,242.564,0.999,11.693,11.753,227426767,0.76119
run_0096_label1_P81.278_R0.964_N30_S59_seed109120916.dat,1,81.278,0.964,30.461,59.212,109120916,0.36722
run_0095_label1_P321.285_R0.307_N58_S51_seed2683300.dat,1,321.285,0.307,57.790,50.977,2683300,0.91805
run_0094_label1_P14.740_R0.539_N45_S20_seed49718821.dat,1,14.740,0.539,45.039,20.215,49718821,0.11765
run_0097_label1_P7.866_R0.315_N23_S25_seed29583788.dat,1,7.866,0.315,22.643,25.304,29583788,0.07741
run_0099_label1_P96.971_R0.208_N35_S34_seed7579090.dat,1,96.971,0.208,34.956,33.654,7579090,0.41308
run_0098_label1_P229.479_R0.299_N51_S60_seed650889364.dat,1,229.479,0.299,50.928,59.586,650889364,0.73356
run_0100_label1_P268.725_R0.347_N40_S12_seed65219660.dat,1,268.725,0.347,40.069,12.220,65219660,0.81498
run_0104_label1_P288.262_R0.483_N55_S9_seed91317169.dat,1,288.262,0.483,54.945,8.757,91317169,0.85401
run_0103_label1_P68.519_R0.502_N52_S45_seed97741836.dat,1,68.519,0.502,52.479,45.226,97741836,0.32770
run_0102_label1_P12.890_R0.237_N27_S32_seed384617671.dat,1,12.890,0.237,27.166,31.708,384617671,0.10759
run_0101_label1_P289.641_R0.856_N19_S35_seed195085742.dat,1,289.641,0.856,19.278,35.258,195085742,0.85674
run_0105_label1_P251.118_R0.537_N32_S26_seed579865317.dat,1,251.118,0.537,32.125,25.852,579865317,0.77898
run_0106_label1_P18.420_R0.563_N29_S31_seed3918880.dat,1,18.420,0.563,28.958,31.001,3918880,0.13650
run_0107_label1_P16.082_R0.393_N76_S9_seed462468499.dat,1,16.082,0.393,76.397,8.770,462468499,0.12469
run_0108_label1_P209.349_R0.483_N56_S58_seed24236672.dat,1,209.349,0.483,55.759,57.912,24236672,0.69001
run_0109_label1_P244.148_R0.830_N15_S25_seed205644877.dat,1,244.148,0.830,15.272,25.112,205644877,0.76450
run_0110_label1_P296.687_R0.719_N22_S20_seed178014039.dat,1,296.687,0.719,21.760,20.387,178014039,0.87057
run_0111_label1_P146.563_R0.223_N51_S59_seed186209558.dat,1,146.563,0.223,50.769,59.327,186209558,0.54403
run_0112_label1_P223.470_R0.805_N71_S7_seed223615087.dat,1,223.470,0.805,71.094,6.864,223615087,0.72070
run_0113_label1_P335.576_R0.084_N53_S15_seed106787707.dat,1,335.576,0.084,53.380,15.455,106787707,0.94508
run_0114_label1_P256.056_R0.586_N53_S13_seed266481846.dat,1,256.056,0.586,53.344,12.843,266481846,0.78916
run_0115_label1_P268.900_R0.091_N20_S18_seed242100612.dat,1,268.900,0.091,20.380,17.516,242100612,0.81533
run_0116_label1_P220.966_R0.825_N57_S8_seed312555261.dat,1,220.966,0.825,57.101,7.693,312555261,0.71530
run_0117_label1_P66.171_R0.100_N12_S17_seed7403527.dat,1,66.171,0.100,11.809,17.113,7403527,0.32017
run_0119_label1_P109.904_R0.722_N42_S43_seed117042761.dat,1,109.904,0.722,41.951,42.978,117042761,0.44904
run_0120_label1_P63.371_R0.164_N24_S26_seed279995231.dat,1,63.371,0.164,24.303,26.230,279995231,0.31108
run_0118_label1_P240.572_R0.089_N37_S53_seed433560740.dat,1,240.572,0.089,36.827,53.490,433560740,0.75701
run_0122_label1_P87.813_R0.502_N27_S31_seed385410852.dat,1,87.813,0.502,27.101,30.548,385410852,0.38664
run_0124_label1_P288.062_R0.467_N25_S53_seed54173033.dat,1,288.062,0.467,25.433,52.863,54173033,0.85362
run_0123_label1_P29.363_R0.610_N64_S24_seed890301242.dat,1,29.363,0.610,64.234,24.270,890301242,0.18627
run_0121_label1_P255.896_R0.326_N73_S45_seed319264198.dat,1,255.896,0.326,72.891,45.192,319264198,0.78883
run_0125_label1_P81.199_R0.191_N61_S24_seed316590260.dat,1,81.199,0.191,60.734,23.802,316590260,0.36698
run_0126_label1_P318.112_R0.368_N55_S26_seed124440274.dat,1,318.112,0.368,54.503,25.784,124440274,0.91200
run_0127_label1_P15.877_R0.303_N34_S8_seed1051733315.dat,1,15.877,0.303,33.558,8.412,1051733315,0.12363
run_0128_label1_P93.396_R0.462_N35_S56_seed16529009.dat,1,93.396,0.462,34.884,55.676,16529009,0.40286
run_0130_label1_P315.714_R0.840_N12_S11_seed9228839.dat,1,315.714,0.840,12.185,10.878,9228839,0.90741
run_0131_label1_P50.005_R0.795_N69_S13_seed448355101.dat,1,50.005,0.795,69.087,12.999,448355101,0.26563
run_0132_label1_P57.196_R0.936_N60_S7_seed189626349.dat,1,57.196,0.936,59.811,6.913,189626349,0.29053
run_0129_label1_P328.300_R0.548_N17_S44_seed163017263.dat,1,328.300,0.548,16.811,44.198,163017263,0.93137
run_0133_label1_P129.917_R0.131_N12_S55_seed196567828.dat,1,129.917,0.131,12.397,55.098,196567828,0.50202
run_0134_label1_P249.324_R0.292_N70_S48_seed277901810.dat,1,249.324,0.292,70.039,48.196,277901810,0.77526
run_0135_label1_P159.126_R0.780_N32_S16_seed77002924.dat,1,159.126,0.780,31.853,16.031,77002924,0.57469
run_0136_label1_P295.117_R0.659_N58_S27_seed523661313.dat,1,295.117,0.659,57.559,27.268,523661313,0.86750
run_0138_label1_P273.025_R0.750_N68_S56_seed76268099.dat,1,273.025,0.750,68.375,55.956,76268099,0.82365
run_0139_label1_P339.610_R0.699_N60_S38_seed537840600.dat,1,339.610,0.699,59.930,37.972,537840600,0.95264
run_0137_label1_P34.255_R0.749_N50_S43_seed261732625.dat,1,34.255,0.749,49.637,42.702,261732625,0.20642
run_0140_label1_P158.348_R0.509_N77_S5_seed153384058.dat,1,158.348,0.509,76.926,5.440,153384058,0.57282
run_0142_label1_P74.285_R0.084_N71_S15_seed83224013.dat,1,74.285,0.084,70.973,15.079,83224013,0.34584
run_0144_label1_P97.177_R0.121_N49_S51_seed365786175.dat,1,97.177,0.121,49.490,51.065,365786175,0.41367
run_0143_label1_P17.546_R0.124_N21_S22_seed113202434.dat,1,17.546,0.124,20.656,21.855,113202434,0.13215
run_0141_label1_P282.061_R0.843_N18_S43_seed67624031.dat,1,282.061,0.843,17.721,42.519,67624031,0.84172
run_0145_label1_P136.221_R0.461_N38_S25_seed175162329.dat,1,136.221,0.461,37.872,25.055,175162329,0.51813
run_0146_label1_P296.980_R0.595_N46_S30_seed278904952.dat,1,296.980,0.595,45.897,29.976,278904952,0.87115
run_0147_label1_P243.021_R0.694_N72_S57_seed193610013.dat,1,243.021,0.694,71.575,56.737,193610013,0.76214
run_0148_label1_P184.123_R0.922_N44_S18_seed44347571.dat,1,184.123,0.922,44.191,17.627,44347571,0.63340
run_0149_label1_P352.436_R0.694_N22_S45_seed5570102.dat,1,352.436,0.694,22.343,44.516,5570102,0.97647
run_0150_label1_P120.772_R0.455_N76_S22_seed446395407.dat,1,120.772,0.455,76.204,22.139,446395407,0.47817
run_0151_label1_P256.016_R0.091_N76_S35_seed113761125.dat,1,256.016,0.091,75.606,34.589,113761125,0.78907
run_0152_label1_P187.152_R0.437_N72_S52_seed293871773.dat,1,187.152,0.437,71.579,51.788,293871773,0.64033
run_0153_label1_P199.695_R0.683_N20_S40_seed70746943.dat,1,199.695,0.683,19.999,39.705,70746943,0.66863
run_0154_label1_P46.573_R0.384_N73_S26_seed61137752.dat,1,46.573,0.384,73.458,26.458,61137752,0.25334
run_0155_label1_P323.305_R0.831_N32_S58_seed548693321.dat,1,323.305,0.831,31.772,57.523,548693321,0.92190
run_0156_label1_P70.517_R0.249_N48_S46_seed765074961.dat,1,70.517,0.249,47.695,46.333,765074961,0.33404
run_0157_label1_P245.742_R0.585_N11_S55_seed190251385.dat,1,245.742,0.585,11.458,55.042,190251385,0.76782
run_0158_label1_P203.019_R0.936_N55_S50_seed45116583.dat,1,203.019,0.936,54.569,50.307,45116583,0.67603
run_0159_label1_P134.340_R0.500_N64_S39_seed70657409.dat,1,134.340,0.500,64.277,39.494,70657409,0.51335
run_0160_label1_P193.900_R0.220_N76_S46_seed544674082.dat,1,193.900,0.220,75.641,46.117,544674082,0.65563
run_0161_label1_P320.691_R0.798_N73_S40_seed219632486.dat,1,320.691,0.798,73.260,39.587,219632486,0.91692
run_0163_label1_P211.714_R0.369_N15_S32_seed95189831.dat,1,211.714,0.369,15.470,31.606,95189831,0.69519
run_0162_label1_P133.884_R0.499_N13_S23_seed62504671.dat,1,133.884,0.499,12.762,22.660,62504671,0.51218
run_0164_label1_P228.955_R0.390_N15_S55_seed229886230.dat,1,228.955,0.390,14.743,54.973,229886230,0.73244
run_0165_label1_P272.290_R0.638_N77_S60_seed532781650.dat,1,272.290,0.638,77.106,59.874,532781650,0.82217
run_0166_label1_P210.571_R0.622_N16_S56_seed461103800.dat,1,210.571,0.622,16.070,56.500,461103800,0.69269
run_0167_label1_P16.084_R0.812_N79_S52_seed818874605.dat,1,16.084,0.812,78.952,52.311,818874605,0.12470
run_0168_label1_P322.630_R0.402_N51_S46_seed227778622.dat,1,322.630,0.402,51.211,46.268,227778622,0.92061
run_0169_label1_P21.804_R0.109_N30_S28_seed11807021.dat,1,21.804,0.109,30.157,28.022,11807021,0.15274
run_0170_label1_P130.723_R0.067_N15_S47_seed26634360.dat,1,130.723,0.067,15.176,47.087,26634360,0.50409
run_0171_label1_P221.702_R0.609_N74_S26_seed382529824.dat,1,221.702,0.609,73.826,26.476,382529824,0.71689
run_0172_label1_P28.739_R0.632_N72_S25_seed77376408.dat,1,28.739,0.632,71.765,24.881,77376408,0.18362
run_0173_label1_P95.070_R0.893_N52_S19_seed140615919.dat,1,95.070,0.893,52.429,19.250,140615919,0.40766
run_0175_label1_P308.994_R0.481_N13_S30_seed195190968.dat,1,308.994,0.481,12.965,29.601,195190968,0.89449
run_0174_label1_P81.619_R0.519_N14_S45_seed6003550.dat,1,81.619,0.519,13.577,44.926,6003550,0.36824
run_0176_label1_P290.451_R0.520_N62_S21_seed88100923.dat,1,290.451,0.520,62.209,20.616,88100923,0.85833
run_0177_label1_P191.158_R0.118_N75_S30_seed135713904.dat,1,191.158,0.118,75.473,30.310,135713904,0.64943
run_0179_label1_P336.079_R0.310_N55_S21_seed190871430.dat,1,336.079,0.310,54.841,20.709,190871430,0.94602
run_0180_label1_P352.649_R0.305_N62_S54_seed2833038.dat,1,352.649,0.305,61.587,54.092,2833038,0.97687
run_0178_label1_P193.579_R0.971_N74_S7_seed58276698.dat,1,193.579,0.971,74.163,6.982,58276698,0.65491
run_0181_label1_P96.442_R0.931_N79_S40_seed216375978.dat,1,96.442,0.931,79.473,39.523,216375978,0.41158
run_0183_label1_P204.664_R0.712_N45_S26_seed167031788.dat,1,204.664,0.712,44.956,25.768,167031788,0.67967
run_0182_label1_P141.782_R0.526_N52_S38_seed481862304.dat,1,141.782,0.526,52.038,37.615,481862304,0.53213
run_0184_label1_P121.545_R0.487_N46_S11_seed538344798.dat,1,121.545,0.487,45.763,10.521,538344798,0.48021
run_0185_label1_P3.400_R0.346_N54_S60_seed25060474.dat,1,3.400,0.346,53.700,59.901,25060474,0.04425
run_0186_label1_P335.104_R0.767_N44_S27_seed299168696.dat,1,335.104,0.767,44.150,26.726,299168696,0.94419
run_0187_label1_P58.772_R0.236_N44_S30_seed227391247.dat,1,58.772,0.236,44.038,30.291,227391247,0.29584
run_0188_label1_P75.746_R0.106_N29_S41_seed59791217.dat,1,75.746,0.106,29.132,41.482,59791217,0.35036
run_0189_label1_P57.779_R0.887_N61_S14_seed754175837.dat,1,57.779,0.887,61.414,13.757,754175837,0.29250
run_0190_label1_P163.234_R0.811_N29_S21_seed296221229.dat,1,163.234,0.811,29.164,20.879,296221229,0.58454
run_0191_label1_P30.192_R0.660_N49_S23_seed266298840.dat,1,30.192,0.660,49.219,22.814,266298840,0.18976
run_0192_label1_P299.938_R0.139_N64_S47_seed932324235.dat,1,299.938,0.139,63.560,47.409,932324235,0.87692
run_0193_label1_P358.239_R0.584_N59_S43_seed368119028.dat,1,358.239,0.584,59.390,43.102,368119028,0.98716
run_0194_label1_P184.912_R0.812_N74_S35_seed126368771.dat,1,184.912,0.812,73.784,34.813,126368771,0.63521
run_0195_label1_P255.517_R0.250_N11_S41_seed49647068.dat,1,255.517,0.250,11.478,41.242,49647068,0.78805
run_0196_label1_P227.803_R0.629_N25_S47_seed419716215.dat,1,227.803,0.629,25.489,46.552,419716215,0.72998
run_0197_label1_P351.361_R0.640_N73_S23_seed29367024.dat,1,351.361,0.640,72.975,23.204,29367024,0.97449
run_0199_label1_P114.827_R0.388_N57_S43_seed63933390.dat,1,114.827,0.388,57.368,43.165,63933390,0.46235
run_0198_label1_P247.151_R0.660_N53_S42_seed19564707.dat,1,247.151,0.660,53.049,42.114,19564707,0.77075
run_0201_label1_P213.841_R0.255_N32_S36_seed348255811.dat,1,213.841,0.255,31.983,35.670,348255811,0.69984
run_0200_label1_P208.238_R0.585_N52_S11_seed56708855.dat,1,208.238,0.585,51.769,10.601,56708855,0.68756
run_0203_label1_P26.500_R0.896_N23_S33_seed126657530.dat,1,26.500,0.896,23.255,32.639,126657530,0.17396
run_0202_label1_P241.073_R0.201_N15_S36_seed270024494.dat,1,241.073,0.201,14.596,35.830,270024494,0.75806
run_0204_label1_P94.852_R0.064_N51_S40_seed21457781.dat,1,94.852,0.064,50.883,39.838,21457781,0.40704
run_0205_label1_P91.285_R0.274_N34_S46_seed77680158.dat,1,91.285,0.274,33.761,46.469,77680158,0.39677
run_0206_label1_P12.050_R0.589_N30_S47_seed231655744.dat,1,12.050,0.589,29.671,47.366,231655744,0.10286
run_0207_label1_P160.902_R0.614_N71_S48_seed697612731.dat,1,160.902,0.614,70.916,48.375,697612731,0.57896
run_0209_label1_P70.171_R0.131_N29_S14_seed88249851.dat,1,70.171,0.131,29.265,14.407,88249851,0.33295
run_0208_label1_P13.802_R0.382_N48_S55_seed117200465.dat,1,13.802,0.382,48.056,55.408,117200465,0.11261
run_0211_label1_P143.041_R0.085_N54_S12_seed107063836.dat,1,143.041,0.085,53.930,11.502,107063836,0.53528
run_0213_label1_P158.945_R0.557_N74_S19_seed219691275.dat,1,158.945,0.557,74.496,18.961,219691275,0.57425
run_0212_label1_P97.986_R0.075_N14_S7_seed103489613.dat,1,97.986,0.075,14.343,7.248,103489613,0.41596
run_0210_label1_P122.990_R0.320_N36_S53_seed451665007.dat,1,122.990,0.320,36.452,52.915,451665007,0.48401
run_0214_label1_P2.230_R0.858_N33_S43_seed499613980.dat,1,2.230,0.858,33.495,42.622,499613980,0.03340
run_0215_label1_P41.943_R0.589_N19_S37_seed359466769.dat,1,41.943,0.589,19.024,36.646,359466769,0.23625
run_0216_label1_P226.529_R0.401_N32_S58_seed719442818.dat,1,226.529,0.401,32.181,58.103,719442818,0.72726
run_0217_label1_P13.657_R0.906_N65_S41_seed378725909.dat,1,13.657,0.906,65.139,41.131,378725909,0.11182
run_0218_label1_P312.238_R0.311_N37_S40_seed154959678.dat,1,312.238,0.311,37.006,39.767,154959678,0.90073
run_0219_label1_P193.684_R0.845_N40_S43_seed8163910.dat,1,193.684,0.845,39.883,43.229,8163910,0.65514
run_0220_label1_P72.651_R0.302_N44_S38_seed715021609.dat,1,72.651,0.302,44.115,38.112,715021609,0.34075
run_0221_label1_P65.983_R0.848_N22_S41_seed69942836.dat,1,65.983,0.848,22.472,41.422,69942836,0.31957
run_0224_label1_P335.312_R0.645_N24_S16_seed122434245.dat,1,335.312,0.645,23.866,16.178,122434245,0.94458
run_0223_label1_P330.061_R0.182_N22_S32_seed101500925.dat,1,330.061,0.182,21.692,32.499,101500925,0.93469
run_0222_label1_P239.078_R0.255_N77_S29_seed322547817.dat,1,239.078,0.255,77.381,28.549,322547817,0.75388
run_0225_label1_P297.910_R0.582_N34_S42_seed44290478.dat,1,297.910,0.582,33.817,42.462,44290478,0.87296
run_0226_label1_P227.654_R0.874_N37_S53_seed384865048.dat,1,227.654,0.874,37.267,52.688,384865048,0.72966
run_0227_label1_P258.930_R0.859_N56_S20_seed129977577.dat,1,258.930,0.859,56.424,20.075,129977577,0.79505
run_0229_label1_P88.272_R0.330_N73_S11_seed225515856.dat,1,88.272,0.330,72.726,10.987,225515856,0.38799
run_0228_label1_P28.045_R0.719_N69_S20_seed47019733.dat,1,28.045,0.719,68.629,19.532,47019733,0.18065
run_0230_label1_P297.766_R0.605_N32_S54_seed106189094.dat,1,297.766,0.605,31.646,53.569,106189094,0.87268
run_0231_label1_P350.480_R0.541_N70_S41_seed42445714.dat,1,350.480,0.541,70.194,41.252,42445714,0.97286
run_0232_label1_P192.390_R0.126_N78_S26_seed490326444.dat,1,192.390,0.126,77.677,25.691,490326444,0.65222
run_0233_label1_P112.044_R0.306_N37_S60_seed31200288.dat,1,112.044,0.306,36.681,59.717,31200288,0.45485
run_0234_label1_P187.125_R0.748_N23_S6_seed574541850.dat,1,187.125,0.748,23.416,5.902,574541850,0.64027
run_0235_label1_P120.640_R0.702_N58_S27_seed452809874.dat,1,120.640,0.702,57.622,26.540,452809874,0.47782
run_0236_label1_P33.163_R0.605_N66_S46_seed205782246.dat,1,33.163,0.605,66.469,45.871,205782246,0.20201
run_0237_label1_P156.214_R0.745_N32_S23_seed59108129.dat,1,156.214,0.745,31.814,23.097,59108129,0.56766
run_0238_label1_P126.413_R0.211_N73_S49_seed180737150.dat,1,126.413,0.211,73.020,49.222,180737150,0.49295
run_0239_label1_P179.673_R0.110_N39_S41_seed513237197.dat,1,179.673,0.110,39.144,41.202,513237197,0.62315
run_0240_label1_P6.012_R0.831_N17_S11_seed397153096.dat,1,6.012,0.831,16.975,10.597,397153096,0.06471
run_0241_label1_P129.115_R0.775_N37_S12_seed32651250.dat,1,129.115,0.775,37.310,11.886,32651250,0.49995
run_0242_label1_P229.092_R0.725_N64_S38_seed94663129.dat,1,229.092,0.725,63.898,38.324,94663129,0.73273
run_0243_label1_P205.890_R0.367_N74_S42_seed188702811.dat,1,205.890,0.367,73.690,41.980,188702811,0.68239
run_0244_label1_P308.881_R0.136_N51_S32_seed165990124.dat,1,308.881,0.136,50.877,32.179,165990124,0.89427
run_0245_label1_P113.844_R0.718_N36_S58_seed55794396.dat,1,113.844,0.718,35.797,57.502,55794396,0.45971
run_0246_label1_P175.832_R0.661_N66_S42_seed634688102.dat,1,175.832,0.661,65.898,42.301,634688102,0.61424
run_0247_label1_P287.561_R0.960_N54_S53_seed74761871.dat,1,287.561,0.960,54.020,53.305,74761871,0.85263
run_0249_label1_P172.899_R0.241_N32_S25_seed57811666.dat,1,172.899,0.241,32.476,25.079,57811666,0.60739
run_0248_label1_P188.057_R0.995_N70_S60_seed844435473.dat,1,188.057,0.995,70.207,59.929,844435473,0.64239
run_0251_label1_P121.507_R0.434_N22_S10_seed55520012.dat,1,121.507,0.434,22.434,10.372,55520012,0.48011
run_0250_label1_P324.401_R0.886_N67_S36_seed13104650.dat,1,324.401,0.886,67.299,35.713,13104650,0.92398
run_0253_label1_P107.702_R0.194_N15_S24_seed571763115.dat,1,107.702,0.194,15.244,23.521,571763115,0.44302
run_0252_label1_P182.590_R0.569_N63_S12_seed383556832.dat,1,182.590,0.569,62.840,11.936,383556832,0.62988
run_0255_label1_P11.312_R0.901_N27_S35_seed104454436.dat,1,11.312,0.901,26.817,35.306,104454436,0.09862
run_0254_label1_P248.484_R0.881_N20_S30_seed271394961.dat,1,248.484,0.881,19.585,29.582,271394961,0.77352
run_0256_label1_P215.072_R0.440_N37_S38_seed25681329.dat,1,215.072,0.440,37.333,38.348,25681329,0.70253
run_0257_label1_P274.007_R0.668_N12_S21_seed794241070.dat,1,274.007,0.668,11.590,20.508,794241070,0.82562
run_0258_label1_P128.226_R0.400_N66_S42_seed418949106.dat,1,128.226,0.400,66.488,42.003,418949106,0.49765
run_0260_label1_P244.816_R0.242_N56_S60_seed23582180.dat,1,244.816,0.242,56.455,59.924,23582180,0.76589
run_0259_label1_P63.204_R0.862_N16_S27_seed258382491.dat,1,63.204,0.862,15.532,27.117,258382491,0.31053
run_0261_label1_P317.777_R0.191_N35_S16_seed461240002.dat,1,317.777,0.191,35.059,16.398,461240002,0.91136
run_0262_label1_P208.419_R0.134_N69_S33_seed242770564.dat,1,208.419,0.134,69.074,32.732,242770564,0.68796
run_0263_label1_P100.660_R0.819_N30_S56_seed347247510.dat,1,100.660,0.819,29.993,55.630,347247510,0.42349
run_0264_label1_P98.878_R0.643_N72_S58_seed730569041.dat,1,98.878,0.643,72.481,58.134,730569041,0.41848
run_0265_label1_P286.690_R0.506_N75_S21_seed486368950.dat,1,286.690,0.506,75.362,20.620,486368950,0.85091
run_0266_label1_P288.803_R0.189_N37_S23_seed752105732.dat,1,288.803,0.189,36.980,23.303,752105732,0.85508
run_0267_label1_P164.243_R0.098_N34_S52_seed246694233.dat,1,164.243,0.098,34.118,51.800,246694233,0.58695
run_0269_label1_P194.748_R0.338_N64_S33_seed14370131.dat,1,194.748,0.338,63.712,33.052,14370131,0.65754
run_0268_label1_P183.415_R0.911_N52_S26_seed135928013.dat,1,183.415,0.911,51.510,26.272,135928013,0.63178
run_0270_label1_P284.845_R0.808_N19_S28_seed129968643.dat,1,284.845,0.808,19.189,27.518,129968643,0.84725
run_0271_label1_P55.473_R0.312_N53_S45_seed641972467.dat,1,55.473,0.312,52.614,44.655,641972467,0.28466
run_0273_label1_P338.235_R0.899_N47_S43_seed270152675.dat,1,338.235,0.899,46.730,43.424,270152675,0.95006
run_0272_label1_P275.877_R0.456_N38_S55_seed141499141.dat,1,275.877,0.456,37.652,55.483,141499141,0.82937
run_0275_label1_P41.574_R0.523_N28_S21_seed281595513.dat,1,41.574,0.523,28.061,21.178,281595513,0.23487
run_0274_label1_P144.656_R0.494_N16_S33_seed331747945.dat,1,144.656,0.494,15.785,32.994,331747945,0.53930
run_0277_label1_P108.045_R0.502_N75_S41_seed91034925.dat,1,108.045,0.502,75.006,41.329,91034925,0.44396
run_0276_label1_P306.792_R0.720_N42_S39_seed701957535.dat,1,306.792,0.720,41.558,39.086,701957535,0.89023
run_0278_label1_P122.797_R0.190_N25_S45_seed584068150.dat,1,122.797,0.190,25.188,45.437,584068150,0.48350
run_0279_label1_P132.549_R0.435_N77_S9_seed236535672.dat,1,132.549,0.435,77.140,9.231,236535672,0.50877
run_0280_label1_P107.006_R0.921_N72_S10_seed2297358.dat,1,107.006,0.921,72.275,9.943,2297358,0.44111
run_0281_label1_P27.757_R0.248_N73_S17_seed365417733.dat,1,27.757,0.248,73.185,16.836,365417733,0.17941
run_0282_label1_P209.673_R0.157_N22_S20_seed49089568.dat,1,209.673,0.157,22.134,19.734,49089568,0.69072
run_0283_label1_P189.467_R0.427_N65_S19_seed354747809.dat,1,189.467,0.427,65.017,19.479,354747809,0.64560
run_0285_label1_P76.589_R0.119_N24_S10_seed126645358.dat,1,76.589,0.119,23.950,10.451,126645358,0.35295
run_0284_label1_P205.931_R0.393_N17_S36_seed419593606.dat,1,205.931,0.393,17.129,36.314,419593606,0.68248
run_0287_label1_P184.440_R0.196_N46_S58_seed63810385.dat,1,184.440,0.196,46.343,58.298,63810385,0.63413
run_0286_label1_P25.706_R0.309_N22_S12_seed291345613.dat,1,25.706,0.309,21.994,11.579,291345613,0.17046
run_0288_label1_P6.333_R0.182_N54_S19_seed7989100.dat,1,6.333,0.182,54.340,19.181,7989100,0.06699
run_0289_label1_P86.904_R0.797_N63_S19_seed20163214.dat,1,86.904,0.797,62.779,18.642,20163214,0.38397
run_0290_label1_P33.776_R0.853_N19_S40_seed828330168.dat,1,33.776,0.853,18.732,39.573,828330168,0.20449
run_0291_label1_P111.428_R0.668_N47_S57_seed170275372.dat,1,111.428,0.668,47.499,57.068,170275372,0.45318
run_0292_label1_P231.212_R0.395_N30_S13_seed149697361.dat,1,231.212,0.395,29.928,12.973,149697361,0.73725
run_0293_label1_P247.495_R0.439_N11_S25_seed684526838.dat,1,247.495,0.439,10.967,24.714,684526838,0.77147
run_0295_label1_P335.273_R0.115_N35_S36_seed205292884.dat,1,335.273,0.115,34.644,35.950,205292884,0.94451
run_0296_label1_P93.595_R0.689_N32_S24_seed57261517.dat,1,93.595,0.689,32.007,23.738,57261517,0.40344
run_0297_label1_P239.028_R0.411_N19_S7_seed77292218.dat,1,239.028,0.411,19.118,7.230,77292218,0.75377
run_0294_label1_P150.196_R0.090_N78_S13_seed761951344.dat,1,150.196,0.090,78.200,13.351,761951344,0.55298
run_0298_label1_P239.945_R0.660_N71_S51_seed424671745.dat,1,239.945,0.660,70.522,50.746,424671745,0.75570
run_0299_label1_P333.612_R0.106_N35_S59_seed530204470.dat,1,333.612,0.106,34.862,58.784,530204470,0.94139
run_0300_label1_P251.728_R0.304_N41_S43_seed157929775.dat,1,251.728,0.304,40.815,42.922,157929775,0.78024
run_0301_label1_P337.019_R0.133_N55_S51_seed583371021.dat,1,337.019,0.133,55.195,50.587,583371021,0.94778
run_0302_label1_P248.648_R0.257_N23_S50_seed80476939.dat,1,248.648,0.257,22.776,50.437,80476939,0.77386
run_0304_label1_P198.301_R0.355_N35_S10_seed245989367.dat,1,198.301,0.355,34.792,9.693,245989367,0.66551
run_0303_label1_P260.834_R0.151_N40_S33_seed177127386.dat,1,260.834,0.151,40.328,33.101,177127386,0.79894
run_0305_label1_P235.736_R0.278_N58_S19_seed403011993.dat,1,235.736,0.278,57.755,19.033,403011993,0.74683
run_0306_label1_P20.239_R0.617_N53_S27_seed474299834.dat,1,20.239,0.617,53.372,27.146,474299834,0.14534
run_0307_label1_P239.919_R0.280_N25_S10_seed493269479.dat,1,239.919,0.280,25.075,9.628,493269479,0.75564
run_0308_label1_P12.322_R0.216_N31_S38_seed172689428.dat,1,12.322,0.216,30.985,38.373,172689428,0.10441
run_0309_label1_P205.028_R0.462_N68_S39_seed464464554.dat,1,205.028,0.462,68.194,39.487,464464554,0.68048
run_0310_label1_P82.561_R0.398_N46_S34_seed299808262.dat,1,82.561,0.398,46.480,33.928,299808262,0.37107
run_0311_label1_P85.131_R0.677_N61_S44_seed511877674.dat,1,85.131,0.677,60.817,44.411,511877674,0.37873
run_0312_label1_P328.186_R0.806_N23_S45_seed217006645.dat,1,328.186,0.806,22.942,45.247,217006645,0.93115
run_0313_label1_P4.784_R0.990_N17_S60_seed34153270.dat,1,4.784,0.990,16.893,59.522,34153270,0.05556
run_0314_label1_P123.390_R0.883_N47_S28_seed469708879.dat,1,123.390,0.883,46.932,28.029,469708879,0.48506
run_0315_label1_P223.423_R0.923_N54_S7_seed480651367.dat,1,223.423,0.923,54.357,6.718,480651367,0.72060
run_0316_label1_P37.792_R0.572_N62_S12_seed381021868.dat,1,37.792,0.572,61.682,11.513,381021868,0.22040
run_0317_label1_P201.106_R0.258_N31_S24_seed291114397.dat,1,201.106,0.258,31.180,24.332,291114397,0.67177
run_0318_label1_P332.513_R0.390_N57_S42_seed307869485.dat,1,332.513,0.390,56.542,42.302,307869485,0.93932
run_0319_label1_P82.838_R0.709_N32_S44_seed29243123.dat,1,82.838,0.709,31.688,44.147,29243123,0.37190
run_0320_label1_P52.328_R0.859_N21_S10_seed399249123.dat,1,52.328,0.859,21.365,10.371,399249123,0.27380
run_0321_label1_P322.458_R0.111_N47_S44_seed103433500.dat,1,322.458,0.111,46.664,43.955,103433500,0.92028
run_0322_label1_P267.337_R0.271_N33_S28_seed494270667.dat,1,267.337,0.271,33.033,28.453,494270667,0.81217
run_0323_label1_P13.060_R0.808_N59_S29_seed188504131.dat,1,13.060,0.808,58.598,28.595,188504131,0.10853
run_0324_label1_P287.560_R0.792_N37_S32_seed304477610.dat,1,287.560,0.792,37.306,31.918,304477610,0.85263
run_0325_label1_P68.258_R0.940_N14_S7_seed13973212.dat,1,68.258,0.940,13.811,7.490,13973212,0.32687
run_0326_label1_P237.295_R0.547_N62_S15_seed129269745.dat,1,237.295,0.547,62.409,14.829,129269745,0.75012
run_0327_label1_P90.312_R0.307_N76_S39_seed88786677.dat,1,90.312,0.307,76.169,39.247,88786677,0.39395
run_0328_label1_P194.692_R0.369_N59_S11_seed558151282.dat,1,194.692,0.369,59.319,10.929,558151282,0.65741
run_0329_label1_P66.712_R0.154_N11_S16_seed78532785.dat,1,66.712,0.154,10.639,16.179,78532785,0.32192
run_0330_label1_P136.739_R0.333_N36_S31_seed128961998.dat,1,136.739,0.333,35.642,31.043,128961998,0.51944
run_0331_label1_P75.230_R0.172_N39_S40_seed429655436.dat,1,75.230,0.172,39.437,40.053,429655436,0.34877
run_0332_label1_P285.620_R0.324_N70_S40_seed222490047.dat,1,285.620,0.324,70.198,39.820,222490047,0.84879
run_0333_label1_P145.988_R0.535_N75_S21_seed960839925.dat,1,145.988,0.535,75.245,21.398,960839925,0.54261
run_0334_label1_P197.230_R0.372_N67_S43_seed543572125.dat,1,197.230,0.372,67.418,42.606,543572125,0.66311
run_0335_label1_P106.162_R0.112_N54_S45_seed65698403.dat,1,106.162,0.112,54.349,45.184,65698403,0.43879
run_0337_label1_P105.170_R0.539_N11_S46_seed419843538.dat,1,105.170,0.539,11.493,45.965,419843538,0.43605
run_0336_label1_P102.978_R0.784_N65_S56_seed364967614.dat,1,102.978,0.784,64.887,55.508,364967614,0.42997
run_0338_label1_P192.288_R0.656_N13_S49_seed211419443.dat,1,192.288,0.656,12.901,49.105,211419443,0.65199
run_0339_label1_P331.358_R0.350_N63_S42_seed287462187.dat,1,331.358,0.350,63.393,41.523,287462187,0.93714
run_0340_label1_P329.577_R0.295_N41_S59_seed351888279.dat,1,329.577,0.295,41.251,59.331,351888279,0.93378
run_0341_label1_P80.261_R0.749_N39_S28_seed116786286.dat,1,80.261,0.749,39.436,27.824,116786286,0.36415
run_0342_label1_P150.481_R0.386_N52_S37_seed677568943.dat,1,150.481,0.386,52.443,37.346,677568943,0.55368
run_0343_label1_P211.689_R0.156_N56_S13_seed23148046.dat,1,211.689,0.156,55.583,12.556,23148046,0.69514
run_0344_label1_P150.259_R0.301_N73_S48_seed8234549.dat,1,150.259,0.301,73.019,48.021,8234549,0.55314
run_0345_label1_P190.654_R0.145_N73_S44_seed91769364.dat,1,190.654,0.145,73.190,44.410,91769364,0.64829
run_0346_label1_P312.208_R0.432_N38_S14_seed170812068.dat,1,312.208,0.432,38.149,14.399,170812068,0.90068
run_0347_label1_P299.573_R0.788_N49_S38_seed457752899.dat,1,299.573,0.788,48.980,38.023,457752899,0.87621
run_0348_label1_P305.131_R0.383_N18_S43_seed52166782.dat,1,305.131,0.383,18.137,42.691,52166782,0.88701
run_0349_label1_P349.473_R0.217_N47_S9_seed912082666.dat,1,349.473,0.217,46.569,8.944,912082666,0.97099
run_0350_label1_P225.325_R0.362_N31_S15_seed283127955.dat,1,225.325,0.362,31.433,15.091,283127955,0.72468
run_0351_label1_P123.222_R0.222_N77_S56_seed546980477.dat,1,123.222,0.222,77.147,55.967,546980477,0.48462
run_0352_label1_P47.135_R0.559_N28_S56_seed2594398.dat,1,47.135,0.559,28.354,55.992,2594398,0.25537
run_0353_label1_P20.276_R0.937_N30_S30_seed85972293.dat,1,20.276,0.937,30.449,29.648,85972293,0.14552
run_0354_label1_P31.633_R0.233_N76_S17_seed94493119.dat,1,31.633,0.233,75.831,16.807,94493119,0.19575
run_0355_label1_P330.887_R0.205_N37_S33_seed167299041.dat,1,330.887,0.205,37.073,32.563,167299041,0.93625
run_0356_label1_P28.942_R0.764_N12_S50_seed56067566.dat,1,28.942,0.764,12.039,49.618,56067566,0.18448
run_0357_label1_P258.636_R0.572_N39_S49_seed29374978.dat,1,258.636,0.572,38.629,49.121,29374978,0.79445
run_0358_label1_P61.872_R0.974_N43_S21_seed169054206.dat,1,61.872,0.974,42.918,20.631,169054206,0.30615
run_0359_label1_P156.592_R0.209_N61_S45_seed766477778.dat,1,156.592,0.209,60.598,45.240,766477778,0.56857
run_0360_label1_P326.259_R0.253_N59_S56_seed159934535.dat,1,326.259,0.253,58.903,55.956,159934535,0.92750
run_0361_label1_P92.421_R0.348_N68_S58_seed107249000.dat,1,92.421,0.348,68.470,57.697,107249000,0.40006
run_0362_label1_P243.558_R0.567_N35_S42_seed753461074.dat,1,243.558,0.567,35.274,42.241,753461074,0.76326
run_0363_label1_P266.582_R0.558_N50_S43_seed168665791.dat,1,266.582,0.558,49.910,43.465,168665791,0.81064
run_0364_label1_P286.979_R0.546_N27_S57_seed74785399.dat,1,286.979,0.546,27.491,56.848,74785399,0.85148
run_0365_label1_P174.187_R0.135_N56_S21_seed29761191.dat,1,174.187,0.135,56.237,21.174,29761191,0.61040
run_0366_label1_P188.029_R0.242_N30_S11_seed258486008.dat,1,188.029,0.242,29.736,11.092,258486008,0.64233
run_0367_label1_P162.354_R0.307_N35_S47_seed103879064.dat,1,162.354,0.307,34.873,47.141,103879064,0.58244
run_0368_label1_P148.682_R0.098_N15_S25_seed73621978.dat,1,148.682,0.098,15.385,24.877,73621978,0.54926
run_0369_label1_P334.663_R0.603_N16_S21_seed63489944.dat,1,334.663,0.603,16.291,21.017,63489944,0.94336
run_0370_label1_P330.849_R0.281_N56_S18_seed316589530.dat,1,330.849,0.281,56.358,17.542,316589530,0.93618
run_0371_label1_P37.918_R0.580_N30_S31_seed78042539.dat,1,37.918,0.580,29.661,31.463,78042539,0.22089
run_0372_label1_P186.327_R0.237_N32_S25_seed135914639.dat,1,186.327,0.237,31.890,24.541,135914639,0.63845
run_0373_label1_P242.001_R0.466_N62_S29_seed77742062.dat,1,242.001,0.466,61.798,29.351,77742062,0.76001
run_0374_label1_P324.341_R0.811_N13_S50_seed79512643.dat,1,324.341,0.811,12.902,49.902,79512643,0.92386
run_0375_label1_P254.486_R0.954_N59_S44_seed116638973.dat,1,254.486,0.954,59.493,43.687,116638973,0.78593
run_0376_label1_P108.963_R0.642_N15_S54_seed63595255.dat,1,108.963,0.642,14.904,53.980,63595255,0.44647
run_0377_label1_P364.589_R0.481_N12_S48_seed375934693.dat,1,364.589,0.481,12.173,48.234,375934693,0.99879
run_0378_label1_P295.261_R0.805_N68_S26_seed8570012.dat,1,295.261,0.805,67.682,26.212,8570012,0.86778
run_0379_label1_P84.381_R0.798_N30_S55_seed208086072.dat,1,84.381,0.798,30.311,55.461,208086072,0.37650
run_0380_label1_P169.173_R0.868_N67_S27_seed156354258.dat,1,169.173,0.868,66.727,27.053,156354258,0.59863
run_0381_label1_P93.038_R0.528_N41_S38_seed337673827.dat,1,93.038,0.528,40.750,37.658,337673827,0.40183
run_0382_label1_P305.640_R0.224_N36_S35_seed113048458.dat,1,305.640,0.224,35.557,35.276,113048458,0.88800
run_0383_label1_P194.239_R0.231_N66_S53_seed92730235.dat,1,194.239,0.231,65.833,53.487,92730235,0.65639
run_0384_label1_P188.294_R0.714_N34_S26_seed14960243.dat,1,188.294,0.714,33.514,25.811,14960243,0.64293
run_0385_label1_P251.132_R0.712_N17_S40_seed243744871.dat,1,251.132,0.712,17.016,40.215,243744871,0.77901
run_0386_label1_P64.135_R0.719_N15_S47_seed6592441.dat,1,64.135,0.719,14.947,47.329,6592441,0.31357
run_0387_label1_P120.146_R0.175_N13_S33_seed225047016.dat,1,120.146,0.175,12.721,33.153,225047016,0.47652
run_0388_label1_P19.733_R0.802_N54_S23_seed117772222.dat,1,19.733,0.802,54.115,23.473,117772222,0.14291
run_0389_label1_P20.261_R0.315_N66_S34_seed675442664.dat,1,20.261,0.315,66.134,34.370,675442664,0.14545
run_0390_label1_P36.848_R0.747_N60_S57_seed199759606.dat,1,36.848,0.747,60.411,57.181,199759606,0.21671
run_0391_label1_P363.878_R0.845_N47_S27_seed97254030.dat,1,363.878,0.845,47.101,26.668,97254030,0.99749
run_0392_label1_P224.760_R0.399_N70_S55_seed338763724.dat,1,224.760,0.399,69.821,54.536,338763724,0.72347
run_0393_label1_P93.085_R0.432_N72_S38_seed659655336.dat,1,93.085,0.432,71.837,37.739,659655336,0.40197
run_0394_label1_P51.406_R0.767_N70_S10_seed51452250.dat,1,51.406,0.767,69.589,10.302,51452250,0.27057
run_0395_label1_P172.401_R0.336_N11_S6_seed304608918.dat,1,172.401,0.336,10.757,5.774,304608918,0.60622
run_0396_label1_P185.703_R0.531_N42_S22_seed853076565.dat,1,185.703,0.531,42.186,21.861,853076565,0.63702
run_0397_label1_P146.573_R0.747_N75_S9_seed508425089.dat,1,146.573,0.747,74.601,8.955,508425089,0.54405
run_0398_label1_P266.463_R0.856_N61_S57_seed168868529.dat,1,266.463,0.856,61.139,57.203,168868529,0.81040
run_0399_label1_P24.168_R0.538_N32_S9_seed463507847.dat,1,24.168,0.538,31.648,8.656,463507847,0.16359
run_0400_label1_P204.822_R0.058_N67_S36_seed288872435.dat,1,204.822,0.058,67.098,35.823,288872435,0.68002
run_0401_label1_P335.557_R0.174_N43_S53_seed282287169.dat,1,335.557,0.174,42.982,52.853,282287169,0.94504
run_0402_label1_P307.496_R0.714_N36_S52_seed397099626.dat,1,307.496,0.714,36.156,52.001,397099626,0.89159
run_0403_label1_P271.340_R0.689_N54_S53_seed526567959.dat,1,271.340,0.689,53.587,52.725,526567959,0.82026
run_0404_label1_P70.119_R0.646_N49_S39_seed150963386.dat,1,70.119,0.646,49.487,39.124,150963386,0.33278
run_0405_label1_P215.400_R0.968_N14_S58_seed973537318.dat,1,215.400,0.968,13.792,58.273,973537318,0.70324
run_0406_label1_P353.767_R0.368_N59_S40_seed534370040.dat,1,353.767,0.368,59.095,40.125,534370040,0.97893
run_0407_label1_P86.738_R0.950_N67_S37_seed671589537.dat,1,86.738,0.950,67.070,37.127,671589537,0.38348
run_0408_label1_P7.265_R0.590_N22_S42_seed409654071.dat,1,7.265,0.590,21.891,41.720,409654071,0.07341
run_0409_label1_P207.632_R0.966_N31_S20_seed296311456.dat,1,207.632,0.966,31.355,19.821,296311456,0.68623
run_0410_label1_P323.653_R0.122_N11_S28_seed128991685.dat,1,323.653,0.122,11.035,28.493,128991685,0.92256
run_0411_label1_P133.251_R0.694_N65_S28_seed739304291.dat,1,133.251,0.694,65.444,28.477,739304291,0.51057
run_0412_label1_P260.547_R0.070_N33_S43_seed12146882.dat,1,260.547,0.070,33.008,42.723,12146882,0.79836
run_0413_label1_P293.155_R0.329_N73_S52_seed298099027.dat,1,293.155,0.329,73.498,51.795,298099027,0.86365
run_0414_label1_P328.013_R0.228_N31_S33_seed93295190.dat,1,328.013,0.228,31.034,32.913,93295190,0.93082
run_0415_label1_P42.546_R0.132_N26_S32_seed25335076.dat,1,42.546,0.132,25.572,32.293,25335076,0.23851
run_0416_label1_P8.418_R0.792_N44_S8_seed118499697.dat,1,8.418,0.792,44.360,8.484,118499697,0.08099
run_0417_label1_P137.245_R0.233_N20_S53_seed5172668.dat,1,137.245,0.233,19.982,53.173,5172668,0.52072
run_0418_label1_P346.890_R0.612_N36_S59_seed181868794.dat,1,346.890,0.612,36.032,58.735,181868794,0.96620
run_0419_label1_P10.858_R0.482_N58_S57_seed178085262.dat,1,10.858,0.482,57.872,57.097,178085262,0.09596
run_0420_label1_P197.793_R0.896_N47_S47_seed40903246.dat,1,197.793,0.896,47.285,46.758,40903246,0.66438
run_0421_label1_P202.950_R0.376_N20_S6_seed110198375.dat,1,202.950,0.376,20.246,5.516,110198375,0.67587
run_0423_label1_P53.344_R0.925_N70_S16_seed43609635.dat,1,53.344,0.925,69.548,15.865,43609635,0.27733
run_0422_label1_P85.705_R0.159_N36_S14_seed339166318.dat,1,85.705,0.159,36.290,13.873,339166318,0.38043
run_0424_label1_P249.214_R0.538_N77_S26_seed366989675.dat,1,249.214,0.538,77.056,25.726,366989675,0.77504
run_0425_label1_P17.527_R0.663_N40_S34_seed422437986.dat,1,17.527,0.663,39.890,34.015,422437986,0.13205
run_0428_label1_P227.069_R0.737_N28_S15_seed307289250.dat,1,227.069,0.737,27.644,14.533,307289250,0.72841
run_0427_label1_P155.665_R0.852_N26_S32_seed609598290.dat,1,155.665,0.852,25.716,32.389,609598290,0.56633
run_0426_label1_P214.740_R0.339_N47_S57_seed109509814.dat,1,214.740,0.339,47.080,56.651,109509814,0.70180
run_0429_label1_P49.937_R0.577_N64_S22_seed14985866.dat,1,49.937,0.577,64.461,22.241,14985866,0.26539
run_0430_label1_P303.927_R0.597_N14_S36_seed53976932.dat,1,303.927,0.597,14.313,36.371,53976932,0.88468
run_0432_label1_P311.891_R0.238_N68_S55_seed109643118.dat,1,311.891,0.238,67.840,55.203,109643118,0.90007
run_0433_label1_P30.869_R0.187_N67_S12_seed879607348.dat,1,30.869,0.187,66.832,12.113,879607348,0.19258
run_0431_label1_P123.637_R0.882_N42_S48_seed635828401.dat,1,123.637,0.882,41.627,47.865,635828401,0.48570
run_0434_label1_P97.741_R0.791_N31_S53_seed654737704.dat,1,97.741,0.791,31.232,53.418,654737704,0.41526
run_0435_label1_P41.337_R0.446_N48_S54_seed387270965.dat,1,41.337,0.446,47.841,54.245,387270965,0.23397
run_0436_label1_P214.338_R0.923_N72_S48_seed379166852.dat,1,214.338,0.923,71.522,48.026,379166852,0.70093
run_0437_label1_P238.758_R0.130_N55_S49_seed118717388.dat,1,238.758,0.130,54.518,49.424,118717388,0.75320
run_0438_label1_P230.917_R0.299_N54_S28_seed74389377.dat,1,230.917,0.299,54.061,27.660,74389377,0.73662
run_0439_label1_P48.559_R0.695_N29_S40_seed496872402.dat,1,48.559,0.695,28.799,39.862,496872402,0.26049
run_0440_label1_P27.254_R0.210_N76_S33_seed97595124.dat,1,27.254,0.210,76.383,32.618,97595124,0.17724
run_0441_label1_P234.694_R0.593_N76_S55_seed3387370.dat,1,234.694,0.593,75.910,55.405,3387370,0.74463
run_0442_label1_P9.275_R0.846_N34_S30_seed434809973.dat,1,9.275,0.846,34.030,29.550,434809973,0.08639
run_0443_label1_P112.063_R0.107_N64_S18_seed6530538.dat,1,112.063,0.107,63.760,17.514,6530538,0.45490
run_0444_label1_P292.715_R0.637_N40_S22_seed313582618.dat,1,292.715,0.637,40.016,21.709,313582618,0.86279
run_0445_label1_P71.204_R0.200_N25_S10_seed24058098.dat,1,71.204,0.200,25.027,9.629,24058098,0.33621
run_0446_label1_P287.025_R0.848_N80_S55_seed82720651.dat,1,287.025,0.848,79.806,55.495,82720651,0.85157
run_0447_label1_P116.162_R0.419_N20_S26_seed884802311.dat,1,116.162,0.419,20.250,25.756,884802311,0.46592
run_0448_label1_P45.569_R0.807_N57_S35_seed170673522.dat,1,45.569,0.807,57.070,35.123,170673522,0.24968
run_0449_label1_P187.897_R0.138_N38_S53_seed68669784.dat,1,187.897,0.138,37.982,52.781,68669784,0.64203
run_0450_label1_P334.861_R0.170_N11_S34_seed209709990.dat,1,334.861,0.170,11.485,33.739,209709990,0.94373
run_0451_label1_P265.871_R0.868_N10_S29_seed44114154.dat,1,265.871,0.868,10.175,29.296,44114154,0.80920
run_0452_label1_P212.988_R0.692_N54_S31_seed183419148.dat,1,212.988,0.692,53.546,30.704,183419148,0.69798
run_0453_label1_P203.199_R0.669_N73_S36_seed462793078.dat,1,203.199,0.669,72.691,36.474,462793078,0.67643
run_0454_label1_P91.049_R0.773_N37_S32_seed187831559.dat,1,91.049,0.773,37.172,32.143,187831559,0.39609
run_0455_label1_P199.447_R0.130_N68_S43_seed179512687.dat,1,199.447,0.130,67.742,43.304,179512687,0.66807
run_0456_label1_P155.747_R0.489_N55_S45_seed955428759.dat,1,155.747,0.489,54.660,45.294,955428759,0.56653
run_0457_label1_P200.636_R0.978_N52_S48_seed357679485.dat,1,200.636,0.978,52.319,48.022,357679485,0.67073
run_0458_label1_P133.522_R0.352_N22_S53_seed12136232.dat,1,133.522,0.352,21.582,52.584,12136232,0.51126
run_0459_label1_P273.612_R0.306_N41_S40_seed362969337.dat,1,273.612,0.306,40.895,39.619,362969337,0.82483
run_0460_label1_P312.444_R0.946_N23_S60_seed268035266.dat,1,312.444,0.946,23.025,59.851,268035266,0.90113
run_0461_label1_P298.543_R0.583_N70_S57_seed446510562.dat,1,298.543,0.583,69.702,57.226,446510562,0.87420
run_0462_label1_P145.572_R0.704_N14_S17_seed680363691.dat,1,145.572,0.704,14.489,17.135,680363691,0.54157
run_0463_label1_P129.058_R0.261_N73_S34_seed77810159.dat,1,129.058,0.261,72.612,33.504,77810159,0.49980
run_0464_label1_P205.077_R0.348_N57_S38_seed354839449.dat,1,205.077,0.348,57.477,37.748,354839449,0.68059
run_0465_label1_P346.853_R0.437_N18_S36_seed292180055.dat,1,346.853,0.437,18.087,36.492,292180055,0.96613
run_0467_label1_P327.190_R0.627_N43_S11_seed104045362.dat,1,327.190,0.627,43.306,10.791,104045362,0.92927
run_0466_label1_P237.818_R0.260_N46_S15_seed318787481.dat,1,237.818,0.260,46.160,15.060,318787481,0.75122
run_0468_label1_P333.462_R0.638_N64_S58_seed262347353.dat,1,333.462,0.638,63.737,57.781,262347353,0.94110
run_0469_label1_P216.966_R0.720_N47_S38_seed188696037.dat,1,216.966,0.720,46.800,38.433,188696037,0.70664
run_0472_label1_P16.997_R0.086_N42_S31_seed25274735.dat,1,16.997,0.086,41.561,30.977,25274735,0.12938
run_0473_label1_P249.645_R0.494_N60_S6_seed199451633.dat,1,249.645,0.494,60.131,5.646,199451633,0.77593
run_0471_label1_P88.051_R0.850_N36_S7_seed133207521.dat,1,88.051,0.850,36.381,6.813,133207521,0.38734
run_0470_label1_P323.366_R0.545_N50_S46_seed72122280.dat,1,323.366,0.545,50.063,46.494,72122280,0.92201
run_0477_label1_P240.702_R0.447_N70_S20_seed216745722.dat,1,240.702,0.447,70.289,19.858,216745722,0.75729
run_0476_label1_P363.247_R0.191_N73_S49_seed33255923.dat,1,363.247,0.191,73.385,48.719,33255923,0.99634
run_0474_label1_P201.956_R0.177_N26_S21_seed511351726.dat,1,201.956,0.177,26.207,20.985,511351726,0.67367
run_0475_label1_P102.682_R0.261_N47_S8_seed113577021.dat,1,102.682,0.261,47.380,7.910,113577021,0.42914
run_0478_label1_P89.062_R0.628_N48_S23_seed250061896.dat,1,89.062,0.628,47.943,22.664,250061896,0.39030
run_0479_label1_P288.695_R0.241_N13_S56_seed439945154.dat,1,288.695,0.241,13.476,55.937,439945154,0.85487
run_0480_label1_P240.381_R0.696_N55_S18_seed169955528.dat,1,240.381,0.696,55.142,18.202,169955528,0.75661
run_0481_label1_P183.800_R0.067_N51_S40_seed279451830.dat,1,183.800,0.067,51.150,40.422,279451830,0.63266
run_0482_label1_P321.209_R0.884_N78_S37_seed94461530.dat,1,321.209,0.884,78.247,37.257,94461530,0.91791
run_0483_label1_P327.556_R0.887_N63_S57_seed96199798.dat,1,327.556,0.887,63.082,57.094,96199798,0.92996
run_0484_label1_P267.788_R0.903_N61_S24_seed259124015.dat,1,267.788,0.903,60.617,24.299,259124015,0.81308
run_0485_label1_P257.034_R0.520_N51_S29_seed226491796.dat,1,257.034,0.520,51.282,29.042,226491796,0.79116
run_0486_label1_P312.812_R0.174_N66_S6_seed516414586.dat,1,312.812,0.174,65.776,6.331,516414586,0.90184
run_0487_label1_P191.629_R0.487_N46_S52_seed973374954.dat,1,191.629,0.487,46.426,51.814,973374954,0.65050
run_0488_label1_P255.254_R0.072_N70_S51_seed124659021.dat,1,255.254,0.072,69.819,51.311,124659021,0.78751
run_0489_label1_P89.239_R0.802_N26_S40_seed694098002.dat,1,89.239,0.802,25.851,39.556,694098002,0.39082
run_0490_label1_P346.346_R0.573_N69_S31_seed6836924.dat,1,346.346,0.573,68.828,31.430,6836924,0.96519
run_0491_label1_P200.414_R0.246_N33_S58_seed790636884.dat,1,200.414,0.246,33.157,58.196,790636884,0.67023
run_0493_label1_P190.381_R0.495_N38_S41_seed101429002.dat,1,190.381,0.495,37.926,41.432,101429002,0.64767
run_0492_label1_P138.415_R0.725_N31_S35_seed31739563.dat,1,138.415,0.725,31.447,34.810,31739563,0.52368
run_0494_label1_P118.356_R0.598_N27_S35_seed119050292.dat,1,118.356,0.598,26.699,35.495,119050292,0.47177
run_0495_label1_P247.941_R0.241_N40_S25_seed28280971.dat,1,247.941,0.241,39.880,24.983,28280971,0.77239
run_0497_label1_P169.186_R0.414_N57_S46_seed219336027.dat,1,169.186,0.414,57.247,46.332,219336027,0.59866
run_0496_label1_P8.763_R0.587_N58_S44_seed663419009.dat,1,8.763,0.587,58.011,44.217,663419009,0.08318
run_0498_label1_P100.172_R0.113_N37_S57_seed397621882.dat,1,100.172,0.113,36.766,56.763,397621882,0.42212
run_0499_label1_P87.324_R0.782_N11_S27_seed3621934.dat,1,87.324,0.782,10.555,27.474,3621934,0.38521
run_0500_label1_P345.752_R0.067_N44_S9_seed77932906.dat,1,345.752,0.067,43.822,8.735,77932906,0.96409
run_0501_label0_P0_R0_N63_S12_seed8236193.dat,0,0,0,62.805,11.941,8236193,0
run_0502_label0_P0_R0_N63_S35_seed431681754.dat,0,0,0,63.147,34.735,431681754,0
run_0504_label0_P0_R0_N21_S10_seed451056788.dat,0,0,0,20.732,10.057,451056788,0
run_0503_label0_P0_R0_N24_S24_seed989081952.dat,0,0,0,23.687,24.172,989081952,0
run_0505_label0_P0_R0_N20_S40_seed487959970.dat,0,0,0,19.873,39.512,487959970,0
run_0506_label0_P0_R0_N19_S27_seed92802118.dat,0,0,0,18.648,26.990,92802118,0
run_0509_label0_P0_R0_N62_S41_seed186801805.dat,0,0,0,61.800,41.066,186801805,0
run_0508_label0_P0_R0_N65_S49_seed107499539.dat,0,0,0,64.988,48.958,107499539,0
run_0507_label0_P0_R0_N21_S10_seed48394657.dat,0,0,0,21.013,10.432,48394657,0
run_0510_label0_P0_R0_N20_S54_seed5707670.dat,0,0,0,19.754,53.833,5707670,0
run_0511_label0_P0_R0_N13_S59_seed162583294.dat,0,0,0,13.172,58.864,162583294,0
run_0512_label0_P0_R0_N62_S52_seed428201376.dat,0,0,0,62.162,52.019,428201376,0
run_0513_label0_P0_R0_N72_S39_seed59930476.dat,0,0,0,72.348,39.418,59930476,0
run_0514_label0_P0_R0_N46_S46_seed31452441.dat,0,0,0,45.576,45.612,31452441,0
run_0515_label0_P0_R0_N56_S7_seed253759528.dat,0,0,0,55.529,7.391,253759528,0
run_0516_label0_P0_R0_N77_S51_seed16890913.dat,0,0,0,76.773,51.162,16890913,0
run_0517_label0_P0_R0_N50_S42_seed78360419.dat,0,0,0,50.366,42.488,78360419,0
run_0518_label0_P0_R0_N76_S6_seed274215579.dat,0,0,0,76.045,5.534,274215579,0
run_0519_label0_P0_R0_N16_S29_seed19169135.dat,0,0,0,16.330,28.719,19169135,0
run_0520_label0_P0_R0_N78_S36_seed400369697.dat,0,0,0,77.555,36.076,400369697,0
run_0521_label0_P0_R0_N20_S16_seed127788069.dat,0,0,0,20.397,15.671,127788069,0
run_0522_label0_P0_R0_N54_S12_seed691178182.dat,0,0,0,54.370,12.186,691178182,0
run_0523_label0_P0_R0_N74_S40_seed269193632.dat,0,0,0,74.152,40.311,269193632,0
run_0524_label0_P0_R0_N14_S12_seed44525446.dat,0,0,0,14.224,11.721,44525446,0
run_0525_label0_P0_R0_N67_S58_seed771500314.dat,0,0,0,66.629,58.137,771500314,0
run_0526_label0_P0_R0_N35_S48_seed484010933.dat,0,0,0,34.673,48.132,484010933,0
run_0527_label0_P0_R0_N32_S41_seed708171807.dat,0,0,0,31.907,40.892,708171807,0
run_0528_label0_P0_R0_N65_S40_seed91049285.dat,0,0,0,64.951,39.987,91049285,0
run_0529_label0_P0_R0_N20_S30_seed449566160.dat,0,0,0,20.227,29.704,449566160,0
run_0530_label0_P0_R0_N36_S22_seed106431572.dat,0,0,0,36.416,22.401,106431572,0
run_0531_label0_P0_R0_N17_S6_seed72124355.dat,0,0,0,16.961,5.651,72124355,0
run_0532_label0_P0_R0_N76_S7_seed75216084.dat,0,0,0,76.475,7.381,75216084,0
run_0533_label0_P0_R0_N71_S58_seed247643435.dat,0,0,0,70.624,57.892,247643435,0
run_0535_label0_P0_R0_N24_S20_seed28414464.dat,0,0,0,23.538,19.836,28414464,0
run_0534_label0_P0_R0_N35_S48_seed144143042.dat,0,0,0,34.579,47.814,144143042,0
run_0537_label0_P0_R0_N15_S7_seed705180542.dat,0,0,0,15.120,6.846,705180542,0
run_0536_label0_P0_R0_N59_S10_seed246805313.dat,0,0,0,58.778,9.572,246805313,0
run_0538_label0_P0_R0_N59_S35_seed414270701.dat,0,0,0,58.751,34.985,414270701,0
run_0539_label0_P0_R0_N10_S15_seed91866368.dat,0,0,0,10.288,14.901,91866368,0
run_0541_label0_P0_R0_N77_S37_seed168422369.dat,0,0,0,76.905,37.416,168422369,0
run_0540_label0_P0_R0_N51_S29_seed579081366.dat,0,0,0,51.323,28.517,579081366,0
run_0542_label0_P0_R0_N27_S13_seed167594121.dat,0,0,0,27.471,12.646,167594121,0
run_0543_label0_P0_R0_N42_S18_seed477202670.dat,0,0,0,42.148,17.756,477202670,0
run_0544_label0_P0_R0_N68_S12_seed455660747.dat,0,0,0,67.563,12.243,455660747,0
run_0545_label0_P0_R0_N35_S12_seed535342357.dat,0,0,0,35.197,12.473,535342357,0
run_0546_label0_P0_R0_N35_S26_seed111719396.dat,0,0,0,35.245,26.372,111719396,0
run_0547_label0_P0_R0_N55_S42_seed350102592.dat,0,0,0,54.744,42.418,350102592,0
run_0548_label0_P0_R0_N45_S38_seed146791121.dat,0,0,0,44.622,38.344,146791121,0
run_0549_label0_P0_R0_N38_S19_seed647834589.dat,0,0,0,37.805,19.352,647834589,0
run_0551_label0_P0_R0_N65_S42_seed155302751.dat,0,0,0,65.065,42.150,155302751,0
run_0550_label0_P0_R0_N20_S54_seed137652199.dat,0,0,0,19.694,54.148,137652199,0
run_0553_label0_P0_R0_N74_S15_seed59911321.dat,0,0,0,74.069,15.445,59911321,0
run_0552_label0_P0_R0_N23_S41_seed12219645.dat,0,0,0,22.803,40.783,12219645,0
run_0554_label0_P0_R0_N63_S46_seed85359668.dat,0,0,0,62.762,45.994,85359668,0
run_0555_label0_P0_R0_N37_S7_seed66936683.dat,0,0,0,36.708,7.313,66936683,0
run_0557_label0_P0_R0_N61_S21_seed343260866.dat,0,0,0,61.251,21.068,343260866,0
run_0556_label0_P0_R0_N39_S25_seed69990201.dat,0,0,0,38.657,25.334,69990201,0
run_0558_label0_P0_R0_N13_S6_seed105993674.dat,0,0,0,12.970,6.079,105993674,0
run_0559_label0_P0_R0_N15_S31_seed354200147.dat,0,0,0,14.821,30.591,354200147,0
run_0560_label0_P0_R0_N20_S21_seed361241457.dat,0,0,0,19.592,20.992,361241457,0
run_0561_label0_P0_R0_N37_S49_seed592926595.dat,0,0,0,36.576,48.642,592926595,0
run_0563_label0_P0_R0_N47_S41_seed41627203.dat,0,0,0,46.793,40.866,41627203,0
run_0562_label0_P0_R0_N26_S12_seed131371066.dat,0,0,0,26.263,12.267,131371066,0
run_0564_label0_P0_R0_N20_S10_seed163871980.dat,0,0,0,20.232,10.100,163871980,0
run_0565_label0_P0_R0_N14_S25_seed155035650.dat,0,0,0,14.107,24.508,155035650,0
run_0567_label0_P0_R0_N59_S58_seed145891271.dat,0,0,0,58.666,58.023,145891271,0
run_0566_label0_P0_R0_N54_S20_seed445889747.dat,0,0,0,54.122,20.272,445889747,0
run_0568_label0_P0_R0_N66_S55_seed159726606.dat,0,0,0,65.523,54.537,159726606,0
run_0569_label0_P0_R0_N49_S11_seed192249358.dat,0,0,0,49.325,10.735,192249358,0
run_0570_label0_P0_R0_N38_S45_seed304917314.dat,0,0,0,37.995,45.348,304917314,0
run_0571_label0_P0_R0_N23_S8_seed124780841.dat,0,0,0,22.629,8.161,124780841,0
run_0573_label0_P0_R0_N62_S32_seed71872861.dat,0,0,0,62.228,32.239,71872861,0
run_0572_label0_P0_R0_N30_S18_seed49717556.dat,0,0,0,29.819,17.607,49717556,0
run_0574_label0_P0_R0_N49_S5_seed126759291.dat,0,0,0,49.197,5.490,126759291,0
run_0575_label0_P0_R0_N57_S25_seed15079179.dat,0,0,0,56.766,25.270,15079179,0
run_0576_label0_P0_R0_N79_S49_seed598451438.dat,0,0,0,79.371,48.578,598451438,0
run_0577_label0_P0_R0_N61_S16_seed20129291.dat,0,0,0,60.932,16.494,20129291,0
run_0579_label0_P0_R0_N65_S16_seed34781152.dat,0,0,0,64.523,16.486,34781152,0
run_0578_label0_P0_R0_N51_S23_seed93491950.dat,0,0,0,50.602,22.687,93491950,0
run_0580_label0_P0_R0_N52_S41_seed147344978.dat,0,0,0,51.577,40.536,147344978,0
run_0581_label0_P0_R0_N74_S7_seed23440111.dat,0,0,0,74.414,6.803,23440111,0
run_0583_label0_P0_R0_N49_S30_seed123839888.dat,0,0,0,49.498,29.947,123839888,0
run_0582_label0_P0_R0_N11_S36_seed168818534.dat,0,0,0,11.205,36.243,168818534,0
run_0584_label0_P0_R0_N14_S28_seed32896582.dat,0,0,0,13.543,28.307,32896582,0
run_0585_label0_P0_R0_N71_S14_seed152578830.dat,0,0,0,70.965,14.108,152578830,0
run_0587_label0_P0_R0_N67_S46_seed501186490.dat,0,0,0,66.779,45.533,501186490,0
run_0586_label0_P0_R0_N63_S30_seed757668543.dat,0,0,0,62.604,30.413,757668543,0
run_0588_label0_P0_R0_N51_S32_seed167855454.dat,0,0,0,51.485,32.359,167855454,0
run_0589_label0_P0_R0_N28_S48_seed184113902.dat,0,0,0,27.850,48.323,184113902,0
run_0591_label0_P0_R0_N71_S31_seed631946876.dat,0,0,0,70.756,30.773,631946876,0
run_0590_label0_P0_R0_N11_S48_seed243823239.dat,0,0,0,11.426,47.941,243823239,0
run_0592_label0_P0_R0_N36_S16_seed413257375.dat,0,0,0,36.201,15.585,413257375,0
run_0593_label0_P0_R0_N71_S53_seed66468836.dat,0,0,0,70.927,53.326,66468836,0
run_0594_label0_P0_R0_N67_S55_seed151826717.dat,0,0,0,67.138,54.782,151826717,0
run_0595_label0_P0_R0_N54_S45_seed631567964.dat,0,0,0,53.701,44.706,631567964,0
run_0597_label0_P0_R0_N65_S16_seed374468928.dat,0,0,0,65.422,15.613,374468928,0
run_0596_label0_P0_R0_N49_S24_seed336821071.dat,0,0,0,48.837,23.866,336821071,0
run_0598_label0_P0_R0_N24_S7_seed106922155.dat,0,0,0,23.516,7.221,106922155,0
run_0599_label0_P0_R0_N23_S17_seed76340851.dat,0,0,0,22.893,16.880,76340851,0
run_0601_label0_P0_R0_N14_S20_seed91988561.dat,0,0,0,14.235,20.482,91988561,0
run_0600_label0_P0_R0_N62_S38_seed338215035.dat,0,0,0,61.939,38.348,338215035,0
run_0602_label0_P0_R0_N40_S51_seed71126798.dat,0,0,0,39.743,51.427,71126798,0
run_0603_label0_P0_R0_N53_S45_seed182801308.dat,0,0,0,53.475,44.773,182801308,0
run_0605_label0_P0_R0_N44_S8_seed65855276.dat,0,0,0,43.700,8.200,65855276,0
run_0604_label0_P0_R0_N80_S24_seed164120827.dat,0,0,0,79.524,24.043,164120827,0
run_0606_label0_P0_R0_N61_S8_seed910436707.dat,0,0,0,61.494,7.727,910436707,0
run_0607_label0_P0_R0_N24_S8_seed267959878.dat,0,0,0,23.948,8.347,267959878,0
run_0608_label0_P0_R0_N70_S16_seed4352207.dat,0,0,0,69.787,15.867,4352207,0
run_0609_label0_P0_R0_N41_S7_seed50820666.dat,0,0,0,40.792,7.051,50820666,0
run_0610_label0_P0_R0_N13_S52_seed128022274.dat,0,0,0,12.945,51.833,128022274,0
run_0611_label0_P0_R0_N29_S25_seed442010717.dat,0,0,0,28.735,25.003,442010717,0
run_0612_label0_P0_R0_N14_S45_seed60918680.dat,0,0,0,14.485,45.288,60918680,0
run_0613_label0_P0_R0_N11_S49_seed726014861.dat,0,0,0,10.679,48.917,726014861,0
run_0614_label0_P0_R0_N32_S38_seed253970023.dat,0,0,0,32.332,38.439,253970023,0
run_0615_label0_P0_R0_N22_S55_seed658002703.dat,0,0,0,22.330,54.551,658002703,0
run_0616_label0_P0_R0_N68_S40_seed137907618.dat,0,0,0,68.245,40.141,137907618,0
run_0617_label0_P0_R0_N19_S42_seed402106814.dat,0,0,0,19.146,42.325,402106814,0
run_0618_label0_P0_R0_N48_S57_seed9442562.dat,0,0,0,48.068,57.112,9442562,0
run_0619_label0_P0_R0_N17_S11_seed168850749.dat,0,0,0,17.000,10.575,168850749,0
run_0621_label0_P0_R0_N30_S42_seed103586280.dat,0,0,0,30.297,41.780,103586280,0
run_0620_label0_P0_R0_N63_S59_seed585481573.dat,0,0,0,63.224,58.870,585481573,0
run_0622_label0_P0_R0_N15_S56_seed147803012.dat,0,0,0,14.839,55.908,147803012,0
run_0623_label0_P0_R0_N43_S34_seed703184299.dat,0,0,0,43.334,34.448,703184299,0
run_0625_label0_P0_R0_N39_S23_seed17116780.dat,0,0,0,38.937,22.733,17116780,0
run_0624_label0_P0_R0_N19_S49_seed316420556.dat,0,0,0,18.571,48.834,316420556,0
run_0629_label0_P0_R0_N70_S40_seed48407931.dat,0,0,0,70.245,39.661,48407931,0
run_0628_label0_P0_R0_N41_S22_seed50336096.dat,0,0,0,41.161,22.018,50336096,0
run_0627_label0_P0_R0_N52_S19_seed54249911.dat,0,0,0,51.947,19.408,54249911,0
run_0626_label0_P0_R0_N29_S31_seed487551489.dat,0,0,0,28.883,31.284,487551489,0
run_0630_label0_P0_R0_N29_S20_seed220571850.dat,0,0,0,28.912,20.430,220571850,0
run_0631_label0_P0_R0_N11_S34_seed107930543.dat,0,0,0,11.445,34.041,107930543,0
run_0633_label0_P0_R0_N41_S51_seed95922561.dat,0,0,0,40.522,51.167,95922561,0
run_0632_label0_P0_R0_N67_S32_seed19757962.dat,0,0,0,67.429,31.535,19757962,0
run_0635_label0_P0_R0_N55_S15_seed173111789.dat,0,0,0,54.676,15.235,173111789,0
run_0634_label0_P0_R0_N63_S19_seed146929862.dat,0,0,0,63.260,18.737,146929862,0
run_0636_label0_P0_R0_N24_S48_seed75915118.dat,0,0,0,23.812,47.932,75915118,0
run_0637_label0_P0_R0_N15_S44_seed115004444.dat,0,0,0,15.104,44.470,115004444,0
run_0641_label0_P0_R0_N44_S55_seed770556365.dat,0,0,0,43.962,55.437,770556365,0
run_0638_label0_P0_R0_N61_S47_seed123943383.dat,0,0,0,60.530,46.543,123943383,0
run_0640_label0_P0_R0_N61_S44_seed546998754.dat,0,0,0,60.666,44.277,546998754,0
run_0639_label0_P0_R0_N26_S26_seed409687227.dat,0,0,0,25.762,26.037,409687227,0
run_0642_label0_P0_R0_N74_S21_seed142025242.dat,0,0,0,73.500,20.605,142025242,0
run_0643_label0_P0_R0_N36_S50_seed407419118.dat,0,0,0,35.879,50.469,407419118,0
run_0644_label0_P0_R0_N40_S49_seed38137773.dat,0,0,0,40.353,49.359,38137773,0
run_0645_label0_P0_R0_N27_S51_seed96778966.dat,0,0,0,26.741,51.300,96778966,0
run_0646_label0_P0_R0_N74_S9_seed551822840.dat,0,0,0,73.760,8.746,551822840,0
run_0647_label0_P0_R0_N30_S32_seed149824310.dat,0,0,0,30.353,31.848,149824310,0
run_0648_label0_P0_R0_N80_S35_seed569351612.dat,0,0,0,79.616,35.187,569351612,0
run_0649_label0_P0_R0_N79_S47_seed778758469.dat,0,0,0,79.302,47.376,778758469,0
run_0650_label0_P0_R0_N18_S56_seed493863150.dat,0,0,0,18.259,56.269,493863150,0
run_0651_label0_P0_R0_N71_S56_seed974020131.dat,0,0,0,71.382,55.933,974020131,0
run_0652_label0_P0_R0_N15_S59_seed42552266.dat,0,0,0,15.367,59.057,42552266,0
run_0653_label0_P0_R0_N77_S49_seed484134351.dat,0,0,0,76.510,48.626,484134351,0
run_0654_label0_P0_R0_N77_S11_seed62850788.dat,0,0,0,77.484,10.948,62850788,0
run_0655_label0_P0_R0_N17_S53_seed362353885.dat,0,0,0,17.299,53.380,362353885,0
run_0656_label0_P0_R0_N60_S24_seed96914307.dat,0,0,0,60.455,23.894,96914307,0
run_0657_label0_P0_R0_N32_S10_seed349749773.dat,0,0,0,32.199,9.568,349749773,0
run_0658_label0_P0_R0_N29_S28_seed206580016.dat,0,0,0,29.068,27.995,206580016,0
run_0659_label0_P0_R0_N79_S17_seed290932847.dat,0,0,0,78.529,16.983,290932847,0
run_0660_label0_P0_R0_N38_S47_seed13928112.dat,0,0,0,38.218,47.100,13928112,0
run_0661_label0_P0_R0_N22_S47_seed81728062.dat,0,0,0,22.210,46.667,81728062,0
run_0662_label0_P0_R0_N49_S53_seed63607469.dat,0,0,0,48.830,53.144,63607469,0
run_0663_label0_P0_R0_N17_S25_seed521273932.dat,0,0,0,17.108,25.395,521273932,0
run_0664_label0_P0_R0_N30_S46_seed227969336.dat,0,0,0,30.117,46.030,227969336,0
run_0665_label0_P0_R0_N70_S12_seed59586704.dat,0,0,0,69.964,12.193,59586704,0
run_0666_label0_P0_R0_N78_S49_seed78346161.dat,0,0,0,77.606,49.232,78346161,0
run_0667_label0_P0_R0_N40_S11_seed64358221.dat,0,0,0,40.239,10.581,64358221,0
run_0668_label0_P0_R0_N48_S60_seed66905578.dat,0,0,0,48.221,59.603,66905578,0
run_0669_label0_P0_R0_N70_S45_seed30746976.dat,0,0,0,69.813,44.763,30746976,0
run_0670_label0_P0_R0_N77_S45_seed247995800.dat,0,0,0,76.892,44.586,247995800,0
run_0671_label0_P0_R0_N22_S8_seed315602678.dat,0,0,0,21.593,8.157,315602678,0
run_0672_label0_P0_R0_N64_S23_seed73574527.dat,0,0,0,64.234,23.332,73574527,0
run_0673_label0_P0_R0_N34_S35_seed92423670.dat,0,0,0,34.418,35.457,92423670,0
run_0677_label0_P0_R0_N38_S11_seed777847743.dat,0,0,0,38.308,11.054,777847743,0
run_0675_label0_P0_R0_N18_S17_seed140606457.dat,0,0,0,17.558,17.316,140606457,0
run_0676_label0_P0_R0_N31_S30_seed12661050.dat,0,0,0,31.454,29.594,12661050,0
run_0674_label0_P0_R0_N22_S34_seed97829789.dat,0,0,0,22.306,34.088,97829789,0
run_0678_label0_P0_R0_N40_S14_seed354869878.dat,0,0,0,39.882,14.439,354869878,0
run_0679_label0_P0_R0_N31_S41_seed532697938.dat,0,0,0,30.886,40.869,532697938,0
run_0681_label0_P0_R0_N80_S13_seed740564866.dat,0,0,0,79.670,13.425,740564866,0
run_0680_label0_P0_R0_N53_S42_seed138172958.dat,0,0,0,52.672,42.447,138172958,0
run_0683_label0_P0_R0_N53_S46_seed377443376.dat,0,0,0,53.398,46.049,377443376,0
run_0682_label0_P0_R0_N38_S33_seed277506555.dat,0,0,0,37.534,33.380,277506555,0
run_0684_label0_P0_R0_N75_S45_seed417077551.dat,0,0,0,75.304,45.489,417077551,0
run_0685_label0_P0_R0_N72_S21_seed374514523.dat,0,0,0,71.576,21.098,374514523,0
run_0687_label0_P0_R0_N11_S21_seed214214167.dat,0,0,0,10.505,20.533,214214167,0
run_0686_label0_P0_R0_N78_S34_seed16904484.dat,0,0,0,77.774,34.022,16904484,0
run_0688_label0_P0_R0_N21_S9_seed311560624.dat,0,0,0,21.301,9.356,311560624,0
run_0689_label0_P0_R0_N31_S13_seed163005650.dat,0,0,0,31.075,12.722,163005650,0
run_0691_label0_P0_R0_N37_S11_seed276147713.dat,0,0,0,36.644,11.059,276147713,0
run_0690_label0_P0_R0_N24_S10_seed439657338.dat,0,0,0,24.050,9.634,439657338,0
run_0692_label0_P0_R0_N47_S28_seed22843420.dat,0,0,0,47.027,28.446,22843420,0
run_0693_label0_P0_R0_N12_S36_seed10567553.dat,0,0,0,12.034,35.711,10567553,0
run_0695_label0_P0_R0_N41_S33_seed178466488.dat,0,0,0,41.301,33.349,178466488,0
run_0696_label0_P0_R0_N64_S31_seed751877068.dat,0,0,0,63.880,30.645,751877068,0
run_0694_label0_P0_R0_N70_S48_seed10278581.dat,0,0,0,69.917,47.699,10278581,0
run_0697_label0_P0_R0_N16_S49_seed809208197.dat,0,0,0,16.265,48.838,809208197,0
run_0698_label0_P0_R0_N71_S34_seed36110865.dat,0,0,0,70.956,33.905,36110865,0
run_0699_label0_P0_R0_N49_S20_seed239518471.dat,0,0,0,48.960,19.985,239518471,0
run_0701_label0_P0_R0_N67_S54_seed455730419.dat,0,0,0,66.882,54.306,455730419,0
run_0700_label0_P0_R0_N38_S38_seed1034513247.dat,0,0,0,37.873,38.344,1034513247,0
run_0702_label0_P0_R0_N63_S32_seed108744364.dat,0,0,0,63.253,32.036,108744364,0
run_0703_label0_P0_R0_N48_S6_seed494284773.dat,0,0,0,47.655,5.847,494284773,0
run_0704_label0_P0_R0_N48_S47_seed53203385.dat,0,0,0,48.105,47.058,53203385,0
run_0705_label0_P0_R0_N69_S8_seed107868444.dat,0,0,0,68.674,8.295,107868444,0
run_0706_label0_P0_R0_N76_S19_seed81188676.dat,0,0,0,75.926,19.309,81188676,0
run_0707_label0_P0_R0_N34_S37_seed166991401.dat,0,0,0,34.153,37.202,166991401,0
run_0708_label0_P0_R0_N28_S16_seed323715393.dat,0,0,0,27.713,15.997,323715393,0
run_0709_label0_P0_R0_N78_S10_seed293890217.dat,0,0,0,77.905,10.355,293890217,0
run_0711_label0_P0_R0_N14_S29_seed617832545.dat,0,0,0,14.332,29.262,617832545,0
run_0710_label0_P0_R0_N62_S20_seed716760857.dat,0,0,0,61.811,20.275,716760857,0
run_0712_label0_P0_R0_N30_S48_seed377307080.dat,0,0,0,30.261,47.804,377307080,0
run_0713_label0_P0_R0_N49_S9_seed39977864.dat,0,0,0,48.611,9.136,39977864,0
run_0714_label0_P0_R0_N17_S45_seed523167426.dat,0,0,0,16.993,44.589,523167426,0
run_0715_label0_P0_R0_N17_S17_seed625090252.dat,0,0,0,16.762,16.967,625090252,0
run_0716_label0_P0_R0_N76_S37_seed158804154.dat,0,0,0,75.876,36.841,158804154,0
run_0717_label0_P0_R0_N58_S22_seed429685264.dat,0,0,0,57.616,21.694,429685264,0
run_0718_label0_P0_R0_N51_S14_seed666760682.dat,0,0,0,50.722,13.967,666760682,0
run_0719_label0_P0_R0_N15_S43_seed21084856.dat,0,0,0,15.478,43.318,21084856,0
run_0720_label0_P0_R0_N72_S49_seed315416334.dat,0,0,0,71.752,48.667,315416334,0
run_0721_label0_P0_R0_N40_S31_seed98474045.dat,0,0,0,40.477,30.992,98474045,0
run_0722_label0_P0_R0_N49_S60_seed763784775.dat,0,0,0,49.262,59.659,763784775,0
run_0723_label0_P0_R0_N70_S51_seed763074221.dat,0,0,0,70.201,50.585,763074221,0
run_0724_label0_P0_R0_N44_S56_seed249368186.dat,0,0,0,43.995,56.171,249368186,0
run_0725_label0_P0_R0_N23_S29_seed156089819.dat,0,0,0,22.579,28.953,156089819,0
run_0727_label0_P0_R0_N34_S32_seed59223885.dat,0,0,0,34.379,32.197,59223885,0
run_0726_label0_P0_R0_N41_S47_seed642649295.dat,0,0,0,41.007,46.525,642649295,0
run_0728_label0_P0_R0_N17_S11_seed51389891.dat,0,0,0,17.352,10.906,51389891,0
run_0729_label0_P0_R0_N43_S35_seed49792714.dat,0,0,0,43.184,35.331,49792714,0
run_0731_label0_P0_R0_N63_S54_seed279249460.dat,0,0,0,62.697,53.776,279249460,0
run_0730_label0_P0_R0_N40_S22_seed45015295.dat,0,0,0,40.211,22.166,45015295,0
run_0732_label0_P0_R0_N12_S30_seed100414036.dat,0,0,0,11.906,30.067,100414036,0
run_0733_label0_P0_R0_N27_S23_seed190675793.dat,0,0,0,27.471,22.765,190675793,0
run_0734_label0_P0_R0_N33_S43_seed165572231.dat,0,0,0,32.840,43.277,165572231,0
run_0735_label0_P0_R0_N56_S8_seed118787351.dat,0,0,0,55.502,8.320,118787351,0
run_0736_label0_P0_R0_N46_S37_seed18324518.dat,0,0,0,45.877,37.136,18324518,0
run_0737_label0_P0_R0_N70_S35_seed239382724.dat,0,0,0,69.742,34.706,239382724,0
run_0738_label0_P0_R0_N47_S46_seed144516280.dat,0,0,0,46.943,46.436,144516280,0
run_0739_label0_P0_R0_N34_S27_seed77767709.dat,0,0,0,34.147,27.160,77767709,0
run_0740_label0_P0_R0_N59_S28_seed483291522.dat,0,0,0,58.791,27.655,483291522,0
run_0741_label0_P0_R0_N73_S46_seed113630459.dat,0,0,0,73.222,46.089,113630459,0
run_0744_label0_P0_R0_N59_S21_seed390301753.dat,0,0,0,59.350,21.280,390301753,0
run_0743_label0_P0_R0_N76_S32_seed142208200.dat,0,0,0,76.008,32.433,142208200,0
run_0745_label0_P0_R0_N51_S7_seed42155300.dat,0,0,0,50.956,7.456,42155300,0
run_0742_label0_P0_R0_N53_S23_seed447803680.dat,0,0,0,52.721,23.222,447803680,0
run_0746_label0_P0_R0_N17_S17_seed172966000.dat,0,0,0,16.835,16.860,172966000,0
run_0747_label0_P0_R0_N65_S51_seed14877219.dat,0,0,0,65.303,50.902,14877219,0
run_0749_label0_P0_R0_N55_S6_seed32197689.dat,0,0,0,55.151,5.693,32197689,0
run_0748_label0_P0_R0_N63_S44_seed105560124.dat,0,0,0,62.739,44.390,105560124,0
run_0750_label0_P0_R0_N31_S27_seed611611533.dat,0,0,0,31.101,26.948,611611533,0
run_0751_label0_P0_R0_N72_S6_seed46403809.dat,0,0,0,71.770,5.990,46403809,0
run_0752_label0_P0_R0_N44_S41_seed11226275.dat,0,0,0,44.484,41.052,11226275,0
run_0753_label0_P0_R0_N71_S48_seed404258053.dat,0,0,0,70.862,48.030,404258053,0
run_0754_label0_P0_R0_N11_S59_seed10686355.dat,0,0,0,11.282,59.056,10686355,0
run_0755_label0_P0_R0_N40_S57_seed39433220.dat,0,0,0,40.078,56.953,39433220,0
run_0756_label0_P0_R0_N44_S30_seed291959951.dat,0,0,0,43.853,30.298,291959951,0
run_0757_label0_P0_R0_N79_S50_seed628368952.dat,0,0,0,78.691,50.265,628368952,0
run_0758_label0_P0_R0_N12_S32_seed550604286.dat,0,0,0,12.122,32.250,550604286,0
run_0759_label0_P0_R0_N71_S55_seed6923581.dat,0,0,0,71.331,55.409,6923581,0
run_0760_label0_P0_R0_N34_S28_seed431908495.dat,0,0,0,33.812,27.966,431908495,0
run_0761_label0_P0_R0_N33_S8_seed628432722.dat,0,0,0,32.966,7.594,628432722,0
run_0762_label0_P0_R0_N39_S48_seed120840180.dat,0,0,0,38.848,47.688,120840180,0
run_0763_label0_P0_R0_N48_S31_seed339747507.dat,0,0,0,47.682,30.927,339747507,0
run_0764_label0_P0_R0_N49_S40_seed274579567.dat,0,0,0,49.163,39.683,274579567,0
run_0765_label0_P0_R0_N33_S44_seed476690310.dat,0,0,0,32.566,43.747,476690310,0
run_0766_label0_P0_R0_N62_S32_seed342712533.dat,0,0,0,61.690,31.986,342712533,0
run_0767_label0_P0_R0_N18_S32_seed130060320.dat,0,0,0,17.705,31.848,130060320,0
run_0769_label0_P0_R0_N35_S41_seed187403777.dat,0,0,0,35.418,41.243,187403777,0
run_0768_label0_P0_R0_N58_S57_seed349002525.dat,0,0,0,57.724,56.895,349002525,0
run_0771_label0_P0_R0_N19_S27_seed679603889.dat,0,0,0,19.153,26.781,679603889,0
run_0770_label0_P0_R0_N28_S51_seed58411853.dat,0,0,0,28.405,51.000,58411853,0
run_0772_label0_P0_R0_N23_S18_seed156967815.dat,0,0,0,23.097,18.324,156967815,0
run_0773_label0_P0_R0_N58_S37_seed315398864.dat,0,0,0,57.660,37.034,315398864,0
run_0777_label0_P0_R0_N62_S47_seed387921576.dat,0,0,0,61.532,47.431,387921576,0
run_0776_label0_P0_R0_N54_S52_seed676589377.dat,0,0,0,53.858,51.856,676589377,0
run_0774_label0_P0_R0_N41_S52_seed162787776.dat,0,0,0,41.153,52.129,162787776,0
run_0775_label0_P0_R0_N77_S12_seed396195165.dat,0,0,0,76.741,11.557,396195165,0
run_0778_label0_P0_R0_N30_S30_seed101010493.dat,0,0,0,29.769,30.304,101010493,0
run_0779_label0_P0_R0_N37_S56_seed331658671.dat,0,0,0,37.451,56.379,331658671,0
run_0781_label0_P0_R0_N16_S59_seed555757737.dat,0,0,0,15.543,59.003,555757737,0
run_0780_label0_P0_R0_N11_S46_seed22161332.dat,0,0,0,10.679,45.817,22161332,0
run_0782_label0_P0_R0_N35_S50_seed249934947.dat,0,0,0,34.894,50.435,249934947,0
run_0784_label0_P0_R0_N47_S27_seed131238809.dat,0,0,0,46.508,26.790,131238809,0
run_0785_label0_P0_R0_N24_S14_seed5542830.dat,0,0,0,23.523,14.419,5542830,0
run_0783_label0_P0_R0_N40_S29_seed925695993.dat,0,0,0,39.841,29.096,925695993,0
run_0786_label0_P0_R0_N68_S17_seed21783481.dat,0,0,0,67.859,17.370,21783481,0
run_0787_label0_P0_R0_N43_S34_seed549453392.dat,0,0,0,42.639,33.824,549453392,0
run_0789_label0_P0_R0_N45_S17_seed932565874.dat,0,0,0,45.470,16.906,932565874,0
run_0788_label0_P0_R0_N66_S13_seed214237287.dat,0,0,0,65.794,13.489,214237287,0
run_0790_label0_P0_R0_N50_S51_seed786420837.dat,0,0,0,49.850,50.796,786420837,0
run_0791_label0_P0_R0_N47_S20_seed429638579.dat,0,0,0,46.789,19.904,429638579,0
run_0792_label0_P0_R0_N73_S30_seed525160013.dat,0,0,0,72.753,29.931,525160013,0
run_0793_label0_P0_R0_N66_S5_seed248171058.dat,0,0,0,65.666,5.161,248171058,0
run_0795_label0_P0_R0_N44_S45_seed42542958.dat,0,0,0,44.410,45.486,42542958,0
run_0794_label0_P0_R0_N41_S36_seed701853869.dat,0,0,0,41.361,36.497,701853869,0
run_0796_label0_P0_R0_N11_S13_seed219372661.dat,0,0,0,11.078,12.875,219372661,0
run_0797_label0_P0_R0_N46_S38_seed235259142.dat,0,0,0,45.879,37.514,235259142,0
run_0798_label0_P0_R0_N75_S9_seed388060752.dat,0,0,0,74.803,8.700,388060752,0
run_0799_label0_P0_R0_N28_S6_seed320269367.dat,0,0,0,28.211,5.660,320269367,0
run_0800_label0_P0_R0_N51_S43_seed6746025.dat,0,0,0,50.985,42.992,6746025,0
run_0801_label0_P0_R0_N41_S35_seed547971104.dat,0,0,0,41.418,34.948,547971104,0
run_0802_label0_P0_R0_N79_S42_seed439892855.dat,0,0,0,78.650,42.439,439892855,0
run_0803_label0_P0_R0_N39_S45_seed123235467.dat,0,0,0,39.443,45.268,123235467,0
run_0804_label0_P0_R0_N59_S13_seed14585492.dat,0,0,0,59.083,13.279,14585492,0
run_0805_label0_P0_R0_N73_S16_seed574430925.dat,0,0,0,73.043,16.128,574430925,0
run_0807_label0_P0_R0_N56_S30_seed139353527.dat,0,0,0,56.185,30.156,139353527,0
run_0806_label0_P0_R0_N78_S32_seed37714947.dat,0,0,0,78.118,31.667,37714947,0
run_0808_label0_P0_R0_N56_S6_seed571838650.dat,0,0,0,56.128,6.322,571838650,0
run_0809_label0_P0_R0_N49_S12_seed105105703.dat,0,0,0,49.121,11.952,105105703,0
run_0811_label0_P0_R0_N23_S21_seed868095214.dat,0,0,0,22.886,20.894,868095214,0
run_0810_label0_P0_R0_N54_S9_seed662865960.dat,0,0,0,53.847,9.416,662865960,0
run_0812_label0_P0_R0_N59_S15_seed1000411194.dat,0,0,0,58.769,14.783,1000411194,0
run_0813_label0_P0_R0_N26_S35_seed28290265.dat,0,0,0,26.453,35.074,28290265,0
run_0814_label0_P0_R0_N45_S24_seed277541923.dat,0,0,0,44.685,23.895,277541923,0
run_0815_label0_P0_R0_N67_S39_seed2374792.dat,0,0,0,66.592,38.867,2374792,0
run_0816_label0_P0_R0_N60_S6_seed31631681.dat,0,0,0,60.142,6.031,31631681,0
run_0817_label0_P0_R0_N16_S6_seed40956730.dat,0,0,0,16.432,5.530,40956730,0
run_0820_label0_P0_R0_N42_S38_seed411843426.dat,0,0,0,41.616,37.665,411843426,0
run_0821_label0_P0_R0_N66_S34_seed61402880.dat,0,0,0,66.387,33.828,61402880,0
run_0818_label0_P0_R0_N45_S38_seed444604961.dat,0,0,0,44.615,38.337,444604961,0
run_0819_label0_P0_R0_N15_S48_seed470836805.dat,0,0,0,15.062,47.563,470836805,0
run_0822_label0_P0_R0_N50_S25_seed428505939.dat,0,0,0,50.073,24.781,428505939,0
run_0823_label0_P0_R0_N78_S42_seed745972977.dat,0,0,0,78.358,41.709,745972977,0
run_0824_label0_P0_R0_N19_S17_seed6006446.dat,0,0,0,18.556,16.959,6006446,0
run_0825_label0_P0_R0_N30_S33_seed585630711.dat,0,0,0,30.479,33.124,585630711,0
run_0826_label0_P0_R0_N22_S45_seed8896398.dat,0,0,0,21.806,44.763,8896398,0
run_0827_label0_P0_R0_N12_S52_seed49039133.dat,0,0,0,12.046,51.568,49039133,0
run_0829_label0_P0_R0_N43_S34_seed636126162.dat,0,0,0,42.982,33.937,636126162,0
run_0828_label0_P0_R0_N38_S29_seed767130183.dat,0,0,0,38.005,28.812,767130183,0
run_0830_label0_P0_R0_N75_S20_seed170521272.dat,0,0,0,75.468,19.781,170521272,0
run_0832_label0_P0_R0_N21_S38_seed415548484.dat,0,0,0,20.698,37.765,415548484,0
run_0831_label0_P0_R0_N62_S17_seed145625955.dat,0,0,0,62.296,17.153,145625955,0
run_0833_label0_P0_R0_N73_S35_seed10574647.dat,0,0,0,72.672,35.448,10574647,0
run_0834_label0_P0_R0_N68_S50_seed69182350.dat,0,0,0,67.995,50.460,69182350,0
run_0835_label0_P0_R0_N69_S9_seed121928552.dat,0,0,0,69.302,9.265,121928552,0
run_0837_label0_P0_R0_N18_S9_seed505855012.dat,0,0,0,17.602,8.729,505855012,0
run_0836_label0_P0_R0_N29_S57_seed191125254.dat,0,0,0,29.051,57.186,191125254,0
run_0838_label0_P0_R0_N56_S21_seed160025106.dat,0,0,0,55.801,21.338,160025106,0
run_0839_label0_P0_R0_N76_S15_seed417114006.dat,0,0,0,76.298,14.739,417114006,0
run_0840_label0_P0_R0_N38_S32_seed136914748.dat,0,0,0,37.693,32.146,136914748,0
run_0841_label0_P0_R0_N70_S26_seed19852324.dat,0,0,0,70.211,25.911,19852324,0
run_0842_label0_P0_R0_N77_S50_seed58924942.dat,0,0,0,76.914,50.393,58924942,0
run_0843_label0_P0_R0_N34_S37_seed632321428.dat,0,0,0,33.931,36.759,632321428,0
run_0845_label0_P0_R0_N13_S24_seed63030476.dat,0,0,0,12.701,24.493,63030476,0
run_0846_label0_P0_R0_N68_S17_seed124257422.dat,0,0,0,68.214,16.843,124257422,0
run_0844_label0_P0_R0_N36_S14_seed143798460.dat,0,0,0,36.296,14.361,143798460,0
run_0847_label0_P0_R0_N26_S27_seed833779226.dat,0,0,0,25.759,26.941,833779226,0
run_0848_label0_P0_R0_N32_S56_seed99167509.dat,0,0,0,32.490,55.610,99167509,0
run_0850_label0_P0_R0_N15_S16_seed432398299.dat,0,0,0,14.918,15.804,432398299,0
run_0849_label0_P0_R0_N40_S38_seed392186407.dat,0,0,0,39.884,38.324,392186407,0
run_0852_label0_P0_R0_N18_S13_seed45473459.dat,0,0,0,18.086,12.817,45473459,0
run_0851_label0_P0_R0_N21_S58_seed75693630.dat,0,0,0,21.249,58.217,75693630,0
run_0853_label0_P0_R0_N11_S15_seed380609709.dat,0,0,0,11.163,15.124,380609709,0
run_0854_label0_P0_R0_N51_S53_seed281628751.dat,0,0,0,50.736,52.703,281628751,0
run_0857_label0_P0_R0_N42_S38_seed204820730.dat,0,0,0,41.604,37.712,204820730,0
run_0858_label0_P0_R0_N16_S33_seed13927760.dat,0,0,0,15.883,33.386,13927760,0
run_0855_label0_P0_R0_N70_S34_seed613651935.dat,0,0,0,70.158,33.744,613651935,0
run_0856_label0_P0_R0_N47_S21_seed125093855.dat,0,0,0,47.420,21.296,125093855,0
run_0859_label0_P0_R0_N70_S53_seed311530484.dat,0,0,0,70.084,52.501,311530484,0
run_0860_label0_P0_R0_N69_S13_seed4954231.dat,0,0,0,68.546,13.010,4954231,0
run_0862_label0_P0_R0_N17_S38_seed537534961.dat,0,0,0,17.471,37.531,537534961,0
run_0861_label0_P0_R0_N78_S51_seed154753642.dat,0,0,0,78.008,50.926,154753642,0
run_0863_label0_P0_R0_N20_S36_seed237687781.dat,0,0,0,20.343,35.956,237687781,0
run_0864_label0_P0_R0_N18_S24_seed3078721.dat,0,0,0,18.345,23.688,3078721,0
run_0865_label0_P0_R0_N64_S54_seed935243002.dat,0,0,0,64.003,54.413,935243002,0
run_0866_label0_P0_R0_N20_S38_seed460298898.dat,0,0,0,20.348,38.465,460298898,0
run_0869_label0_P0_R0_N62_S12_seed676807283.dat,0,0,0,61.949,12.063,676807283,0
run_0868_label0_P0_R0_N67_S57_seed934974168.dat,0,0,0,66.630,57.158,934974168,0
run_0867_label0_P0_R0_N77_S48_seed89507701.dat,0,0,0,76.597,48.205,89507701,0
run_0870_label0_P0_R0_N57_S33_seed640966855.dat,0,0,0,57.429,33.225,640966855,0
run_0871_label0_P0_R0_N38_S11_seed319674615.dat,0,0,0,37.733,10.841,319674615,0
run_0873_label0_P0_R0_N22_S20_seed611099563.dat,0,0,0,21.987,20.095,611099563,0
run_0872_label0_P0_R0_N15_S43_seed463096230.dat,0,0,0,15.342,43.460,463096230,0
run_0874_label0_P0_R0_N23_S33_seed354134818.dat,0,0,0,23.002,32.773,354134818,0
run_0875_label0_P0_R0_N25_S25_seed809990702.dat,0,0,0,25.153,24.819,809990702,0
run_0876_label0_P0_R0_N71_S50_seed270246403.dat,0,0,0,70.758,50.328,270246403,0
run_0878_label0_P0_R0_N55_S33_seed247470127.dat,0,0,0,54.885,33.306,247470127,0
run_0877_label0_P0_R0_N50_S41_seed411426756.dat,0,0,0,50.411,40.957,411426756,0
run_0879_label0_P0_R0_N10_S51_seed240359367.dat,0,0,0,10.205,51.265,240359367,0
run_0882_label0_P0_R0_N50_S46_seed576252501.dat,0,0,0,49.750,46.414,576252501,0
run_0880_label0_P0_R0_N59_S35_seed886920196.dat,0,0,0,59.449,34.567,886920196,0
run_0881_label0_P0_R0_N32_S46_seed29605413.dat,0,0,0,31.915,46.210,29605413,0
run_0883_label0_P0_R0_N72_S54_seed156995642.dat,0,0,0,72.478,54.339,156995642,0
run_0884_label0_P0_R0_N22_S21_seed88060936.dat,0,0,0,21.637,21.005,88060936,0
run_0886_label0_P0_R0_N73_S10_seed166314233.dat,0,0,0,72.552,9.892,166314233,0
run_0885_label0_P0_R0_N71_S29_seed241425566.dat,0,0,0,71.030,29.472,241425566,0
run_0888_label0_P0_R0_N75_S19_seed20571542.dat,0,0,0,75.206,18.528,20571542,0
run_0887_label0_P0_R0_N59_S19_seed606377720.dat,0,0,0,59.250,19.045,606377720,0
run_0889_label0_P0_R0_N46_S13_seed473962966.dat,0,0,0,45.687,13.028,473962966,0
run_0890_label0_P0_R0_N26_S20_seed15158017.dat,0,0,0,26.194,19.788,15158017,0
run_0892_label0_P0_R0_N60_S21_seed337196440.dat,0,0,0,60.159,21.425,337196440,0
run_0891_label0_P0_R0_N49_S23_seed213191184.dat,0,0,0,48.978,22.967,213191184,0
run_0894_label0_P0_R0_N42_S17_seed767929849.dat,0,0,0,42.017,16.973,767929849,0
run_0893_label0_P0_R0_N44_S58_seed20413997.dat,0,0,0,43.940,58.059,20413997,0
run_0896_label0_P0_R0_N51_S31_seed471073746.dat,0,0,0,51.486,30.547,471073746,0
run_0895_label0_P0_R0_N42_S23_seed790856773.dat,0,0,0,42.397,22.608,790856773,0
run_0897_label0_P0_R0_N24_S29_seed49188740.dat,0,0,0,23.605,29.104,49188740,0
run_0898_label0_P0_R0_N22_S55_seed215992609.dat,0,0,0,22.451,55.118,215992609,0
run_0899_label0_P0_R0_N53_S39_seed179557309.dat,0,0,0,53.104,38.801,179557309,0
run_0900_label0_P0_R0_N35_S53_seed793276137.dat,0,0,0,34.883,52.764,793276137,0
run_0901_label0_P0_R0_N51_S45_seed64919036.dat,0,0,0,50.738,45.153,64919036,0
run_0902_label0_P0_R0_N26_S30_seed4152917.dat,0,0,0,25.729,29.551,4152917,0
run_0906_label0_P0_R0_N76_S14_seed16327842.dat,0,0,0,75.823,14.457,16327842,0
run_0905_label0_P0_R0_N59_S35_seed447498580.dat,0,0,0,59.116,35.329,447498580,0
run_0904_label0_P0_R0_N75_S11_seed322845413.dat,0,0,0,74.939,11.444,322845413,0
run_0903_label0_P0_R0_N52_S15_seed165591324.dat,0,0,0,51.573,14.576,165591324,0
run_0907_label0_P0_R0_N68_S20_seed228572647.dat,0,0,0,68.444,20.439,228572647,0
run_0908_label0_P0_R0_N69_S23_seed2406623.dat,0,0,0,68.902,23.119,2406623,0
run_0910_label0_P0_R0_N71_S26_seed165801803.dat,0,0,0,70.668,25.780,165801803,0
run_0909_label0_P0_R0_N46_S40_seed624916756.dat,0,0,0,46.095,40.148,624916756,0
run_0911_label0_P0_R0_N29_S34_seed279799525.dat,0,0,0,29.464,33.929,279799525,0
run_0912_label0_P0_R0_N16_S33_seed105910838.dat,0,0,0,15.610,32.845,105910838,0
run_0914_label0_P0_R0_N10_S25_seed47460427.dat,0,0,0,10.500,25.378,47460427,0
run_0913_label0_P0_R0_N17_S43_seed29547636.dat,0,0,0,17.076,42.792,29547636,0
run_0916_label0_P0_R0_N59_S44_seed322062130.dat,0,0,0,58.701,43.978,322062130,0
run_0915_label0_P0_R0_N34_S53_seed187869104.dat,0,0,0,34.429,53.332,187869104,0
run_0917_label0_P0_R0_N69_S41_seed84588546.dat,0,0,0,69.163,40.593,84588546,0
run_0918_label0_P0_R0_N75_S49_seed161080384.dat,0,0,0,74.942,49.286,161080384,0
run_0920_label0_P0_R0_N26_S25_seed782930859.dat,0,0,0,25.522,24.839,782930859,0
run_0919_label0_P0_R0_N64_S40_seed339361052.dat,0,0,0,63.723,40.419,339361052,0
run_0922_label0_P0_R0_N31_S47_seed386477696.dat,0,0,0,31.269,46.971,386477696,0
run_0921_label0_P0_R0_N65_S32_seed368280429.dat,0,0,0,64.539,32.050,368280429,0
run_0923_label0_P0_R0_N54_S30_seed750148357.dat,0,0,0,54.480,30.178,750148357,0
run_0924_label0_P0_R0_N23_S52_seed13959148.dat,0,0,0,23.432,51.788,13959148,0
run_0925_label0_P0_R0_N76_S19_seed10936609.dat,0,0,0,75.503,19.289,10936609,0
run_0926_label0_P0_R0_N18_S23_seed444946982.dat,0,0,0,17.695,22.696,444946982,0
run_0927_label0_P0_R0_N49_S16_seed389126939.dat,0,0,0,49.414,16.021,389126939,0
run_0928_label0_P0_R0_N74_S12_seed118048883.dat,0,0,0,74.269,11.915,118048883,0
run_0929_label0_P0_R0_N30_S31_seed109382828.dat,0,0,0,30.347,30.679,109382828,0
run_0930_label0_P0_R0_N38_S43_seed146542859.dat,0,0,0,37.588,43.444,146542859,0
run_0932_label0_P0_R0_N47_S27_seed968782225.dat,0,0,0,46.705,27.445,968782225,0
run_0931_label0_P0_R0_N59_S19_seed125858422.dat,0,0,0,59.306,19.397,125858422,0
run_0933_label0_P0_R0_N24_S38_seed32157244.dat,0,0,0,23.750,37.727,32157244,0
run_0934_label0_P0_R0_N20_S53_seed145624697.dat,0,0,0,19.508,53.348,145624697,0
run_0936_label0_P0_R0_N55_S47_seed978152129.dat,0,0,0,54.535,47.228,978152129,0
run_0935_label0_P0_R0_N50_S44_seed24735313.dat,0,0,0,50.113,43.690,24735313,0
run_0937_label0_P0_R0_N38_S40_seed241996072.dat,0,0,0,37.843,40.362,241996072,0
run_0938_label0_P0_R0_N44_S53_seed67259933.dat,0,0,0,43.785,52.715,67259933,0
run_0941_label0_P0_R0_N52_S36_seed430499878.dat,0,0,0,51.822,35.886,430499878,0
run_0939_label0_P0_R0_N36_S23_seed60139703.dat,0,0,0,35.668,22.693,60139703,0
run_0942_label0_P0_R0_N47_S38_seed636793030.dat,0,0,0,46.583,37.741,636793030,0
run_0940_label0_P0_R0_N65_S32_seed451276180.dat,0,0,0,65.334,31.929,451276180,0
run_0944_label0_P0_R0_N61_S28_seed786070349.dat,0,0,0,60.924,27.730,786070349,0
run_0943_label0_P0_R0_N30_S45_seed185936838.dat,0,0,0,29.815,44.776,185936838,0
run_0945_label0_P0_R0_N56_S11_seed536578438.dat,0,0,0,55.625,10.827,536578438,0
run_0946_label0_P0_R0_N32_S31_seed49337269.dat,0,0,0,31.627,30.764,49337269,0
run_0949_label0_P0_R0_N11_S56_seed552925283.dat,0,0,0,10.920,55.981,552925283,0
run_0950_label0_P0_R0_N17_S38_seed229901777.dat,0,0,0,17.114,37.736,229901777,0
run_0948_label0_P0_R0_N35_S41_seed529000133.dat,0,0,0,34.685,40.593,529000133,0
run_0947_label0_P0_R0_N79_S51_seed641914152.dat,0,0,0,79.356,50.964,641914152,0
run_0954_label0_P0_R0_N15_S58_seed61990370.dat,0,0,0,14.540,58.130,61990370,0
run_0951_label0_P0_R0_N42_S44_seed406730879.dat,0,0,0,42.217,43.985,406730879,0
run_0953_label0_P0_R0_N61_S59_seed437554779.dat,0,0,0,61.328,59.427,437554779,0
run_0952_label0_P0_R0_N40_S13_seed528684961.dat,0,0,0,39.653,12.595,528684961,0
run_0955_label0_P0_R0_N41_S16_seed802820236.dat,0,0,0,40.965,16.011,802820236,0
run_0956_label0_P0_R0_N70_S9_seed166575623.dat,0,0,0,70.106,8.760,166575623,0
run_0957_label0_P0_R0_N15_S10_seed3383789.dat,0,0,0,15.189,9.796,3383789,0
run_0958_label0_P0_R0_N44_S44_seed355883353.dat,0,0,0,44.206,43.641,355883353,0
run_0961_label0_P0_R0_N47_S43_seed38273886.dat,0,0,0,46.582,42.524,38273886,0
run_0960_label0_P0_R0_N40_S53_seed565687706.dat,0,0,0,40.073,53.213,565687706,0
run_0962_label0_P0_R0_N51_S47_seed84875013.dat,0,0,0,51.316,46.777,84875013,0
run_0959_label0_P0_R0_N52_S42_seed2475564.dat,0,0,0,52.491,42.349,2475564,0
run_0963_label0_P0_R0_N64_S60_seed244840590.dat,0,0,0,63.844,59.723,244840590,0
run_0964_label0_P0_R0_N37_S5_seed129430509.dat,0,0,0,37.135,5.286,129430509,0
run_0965_label0_P0_R0_N80_S18_seed2748095.dat,0,0,0,79.946,18.278,2748095,0
run_0966_label0_P0_R0_N62_S26_seed8730160.dat,0,0,0,62.442,26.180,8730160,0
run_0967_label0_P0_R0_N23_S40_seed16815219.dat,0,0,0,23.092,39.543,16815219,0
run_0968_label0_P0_R0_N50_S45_seed95842062.dat,0,0,0,50.029,44.653,95842062,0
run_0969_label0_P0_R0_N34_S45_seed21748148.dat,0,0,0,33.574,44.951,21748148,0
run_0970_label0_P0_R0_N43_S7_seed352518249.dat,0,0,0,42.642,6.614,352518249,0
run_0971_label0_P0_R0_N40_S59_seed265242495.dat,0,0,0,39.888,58.873,265242495,0
run_0972_label0_P0_R0_N70_S41_seed82322004.dat,0,0,0,70.294,40.695,82322004,0
run_0973_label0_P0_R0_N32_S47_seed211833589.dat,0,0,0,31.602,46.788,211833589,0
run_0974_label0_P0_R0_N13_S29_seed145005748.dat,0,0,0,13.091,29.245,145005748,0
run_0975_label0_P0_R0_N36_S29_seed94945337.dat,0,0,0,35.782,29.484,94945337,0
run_0976_label0_P0_R0_N29_S33_seed983701912.dat,0,0,0,28.821,32.913,983701912,0
run_0977_label0_P0_R0_N14_S14_seed64764475.dat,0,0,0,13.576,14.271,64764475,0
run_0978_label0_P0_R0_N48_S48_seed22059061.dat,0,0,0,47.549,48.006,22059061,0
run_0979_label0_P0_R0_N33_S19_seed124344094.dat,0,0,0,32.867,19.350,124344094,0
run_0980_label0_P0_R0_N29_S20_seed11667388.dat,0,0,0,28.910,20.084,11667388,0
run_0981_label0_P0_R0_N25_S15_seed125012489.dat,0,0,0,25.238,14.790,125012489,0
run_0982_label0_P0_R0_N57_S50_seed455939508.dat,0,0,0,57.052,49.593,455939508,0
run_0983_label0_P0_R0_N35_S32_seed87090510.dat,0,0,0,35.487,31.734,87090510,0
run_0984_label0_P0_R0_N39_S19_seed661852765.dat,0,0,0,38.502,19.292,661852765,0
run_0986_label0_P0_R0_N49_S22_seed125325188.dat,0,0,0,48.742,21.722,125325188,0
run_0985_label0_P0_R0_N66_S32_seed596193352.dat,0,0,0,66.347,31.517,596193352,0
run_0989_label0_P0_R0_N68_S13_seed871168842.dat,0,0,0,68.053,12.918,871168842,0
run_0990_label0_P0_R0_N71_S23_seed67821344.dat,0,0,0,70.790,22.809,67821344,0
run_0988_label0_P0_R0_N50_S43_seed681044034.dat,0,0,0,49.877,42.896,681044034,0
run_0987_label0_P0_R0_N24_S33_seed221445925.dat,0,0,0,24.457,33.117,221445925,0
run_0992_label0_P0_R0_N49_S44_seed666373371.dat,0,0,0,48.600,43.709,666373371,0
run_0991_label0_P0_R0_N55_S47_seed13171681.dat,0,0,0,55.185,47.299,13171681,0
run_0994_label0_P0_R0_N50_S46_seed68278430.dat,0,0,0,50.459,45.683,68278430,0
run_0993_label0_P0_R0_N19_S41_seed887470608.dat,0,0,0,19.281,41.413,887470608,0
run_0997_label0_P0_R0_N33_S29_seed483752768.dat,0,0,0,32.887,29.081,483752768,0
run_0995_label0_P0_R0_N74_S33_seed583960169.dat,0,0,0,73.898,33.392,583960169,0
run_0996_label0_P0_R0_N74_S53_seed361130225.dat,0,0,0,74.177,52.764,361130225,0
run_0998_label0_P0_R0_N67_S6_seed26785020.dat,0,0,0,67.213,5.771,26785020,0
run_0999_label0_P0_R0_N60_S22_seed59465836.dat,0,0,0,59.584,22.221,59465836,0
run_1000_label0_P0_R0_N27_S58_seed20029736.dat,0,0,0,26.560,57.975,20029736,0
